API #,Well Name,Lease No,Operator Name,County,State,Latitude,Longitude,Longitude
04-007-20076,Justeson 21-1,,EOG Resources Inc.,Butte County,CA,39.313766,-121.745561,-103.94548
04-011-00345,Hall F-2,,EOG Resources Inc.,Colusa County,CA,39.355076,-122.02858,-104.009256
04-011-20219,Stapp Ash 3-1,,EOG Resources Inc.,Colusa County,CA,39.08617,-121.968864,-103.796911
04-011-20290,Erdman 27-1,,EOG Resources Inc.,Colusa County,CA,39.038635,-121.850578,-103.888516
04-011-20324,Morris 12-1,,EOG Resources Inc.,Colusa County,CA,39.079796,-121.930412,-102.08418
04-011-20336,Wiggins 3-1,,EOG Resources Inc.,Colusa County,CA,39.008038,-122.069092,-102.0282
04-011-20347,Keller 31-1,,EOG Resources Inc.,Colusa County,CA,39.026524,-121.906403,-102.138165
04-011-20349,Strain Ranch 11-1,,EOG Resources Inc.,Colusa County,CA,39.073025,-121.934372,-93.699129
04-011-20447,Locvich 2-1,,EOG Resources Inc.,Colusa County,CA,39.006905,-121.838272,-101.741417
04-011-20451,Morris 10-1,,EOG Resources Inc.,Colusa County,CA,39.079796,-121.959305,-99.216171
04-013-20289,Sunset-Sleeter 1-3,,EOG Resources Inc.,Contra Costa County,CA,37.957771,-121.729874,-103.608725
04-013-20310,Arnaudo 18-1,,EOG Resources Inc.,Contra Costa County,CA,37.938423,-121.576935,-97.092109
04-013-20339,Sunset-Nunn 1-10D,,EOG Resources Inc.,Contra Costa County,CA,37.950874,-121.738655,-97.092079
04-013-20340,Sunset-Graham 1-10D,,EOG Resources Inc.,Contra Costa County,CA,37.952152,-121.750267,-100.509797
04-021-00200,Cushman Unit 1,,EOG Resources Inc.,Glenn County,CA,39.50061,-122.014313,-97.940284
04-021-20204,Torres 12-1,,EOG Resources Inc.,Glenn County,CA,39.427753,-122.030548,-97.90787
04-021-20208,Torres 1-1,,EOG Resources Inc.,Glenn County,CA,39.440319,-122.031219,-97.22644
04-021-20232,Transamerica-Beehive 17-1,,EOG Resources Inc.,Glenn County,CA,39.58279,-122.108543,-101.78337
04-021-20270,Transamerica-Beehive 14-1,,EOG Resources Inc.,Glenn County,CA,39.500626,-122.045319,-97.524248
04-021-20285,Torres 12-5,,EOG Resources Inc.,Glenn County,CA,39.427139,-122.029663,-97.393108
04-021-20288,St. Louis 23-1,,EOG Resources Inc.,Glenn County,CA,39.491261,-122.051254,-94.449447
04-021-20291,Torres 1-2,,EOG Resources Inc.,Glenn County,CA,39.436199,-122.029915,-94.551977
04-021-20301,Vogt 13-1,,EOG Resources Inc.,Glenn County,CA,39.769321,-122.262146,-94.581799
04-021-20302,Torres 12-7,,EOG Resources Inc.,Glenn County,CA,39.428017,-122.023643,-94.54563
04-021-20305,Perry 1-1,,EOG Resources Inc.,Glenn County,CA,39.437027,-122.025764,-94.58842
04-021-20477,De Silva 10-1,,EOG Resources Inc.,Glenn County,CA,39.770962,-122.188828,-94.521131
04-021-20502,Mc Kenna 10-1,,EOG Resources Inc.,Glenn County,CA,39.773529,-122.191719,-94.532905
04-021-20538,Transamerica 7-1,,EOG Resources Inc.,Glenn County,CA,39.775661,-122.134743,-94.533402
04-021-20548,Schleef 15-1,,EOG Resources Inc.,Glenn County,CA,39.766121,-122.181396,-94.606459
04-021-20557,Loader 10-1,,EOG Resources Inc.,Glenn County,CA,39.781719,-122.194725,-94.519964
04-029-76372,Reade 34-1,,EOG Resources Inc.,Kern County,CA,35.277805,-118.85363,-94.580939
04-030-14351,Babylon 72X-33,,EOG Resources Inc.,Kern County,CA,35.453266,-119.174713,-94.515547
04-030-17532,Iceberg 2H,,EOG Resources Inc.,Kern County,CA,35.573032,-119.300888,-100.185775
04-030-17533,Dynamite 3H,,EOG Resources Inc.,Kern County,CA,35.688293,-119.376442,-100.204058
04-030-17875,Gemini 4H,,EOG Resources Inc.,Kern County,CA,35.652111,-119.35157,-97.909722
04-030-18064,Outrageous 4H,,EOG Resources Inc.,Kern County,CA,35.586414,-119.319183,-96.235298
04-030-18314,Gemini 9H,,EOG Resources Inc.,Kern County,CA,35.652107,-119.369125,-94.785951
04-030-18395,Lincoln 7H,,EOG Resources Inc.,Kern County,CA,35.616665,-119.351768,-94.821438
04-030-18417,Good Show 6H,,EOG Resources Inc.,Kern County,CA,35.630325,-119.352661,-102.065278
04-030-18702,Dynamite 6H,,EOG Resources Inc.,Kern County,CA,35.688438,-119.383484,-102.114959
04-030-19171,Purple Tiger 7aH,,EOG Resources Inc.,Kern County,CA,35.638481,-119.353737,-102.024846
04-030-19209,Good Show 6aH,,EOG Resources Inc.,Kern County,CA,35.630356,-119.350639,-102.000867
04-030-30029,Kimberlina 29-2H,,EOG Resources Inc.,Kern County,CA,35.555668,-119.296295,-102.082819
04-067-00225,Tyler Island Farms 4,,EOG Resources Inc.,Sacramento County,CA,38.138145,-121.565514,-102.03012
04-067-00240,Nicholas C. Brun Unit 1,,EOG Resources Inc.,Sacramento County,CA,38.177258,-121.575981,-102.04398
04-067-20043,Reclamation Board 6,,EOG Resources Inc.,Sacramento County,CA,38.117958,-121.690125,-102.02569
04-067-20136,Tyler Island Farms 6,,EOG Resources Inc.,Sacramento County,CA,38.151867,-121.562332,-102.117847
04-067-20219,Gardiner 18,,EOG Resources Inc.,Sacramento County,CA,38.150658,-121.604576,-102.068826
04-067-20236,Graham 2,,EOG Resources Inc.,Sacramento County,CA,38.174744,-121.547592,-101.72528
04-067-20309,Cal-State 23-9D,,EOG Resources Inc.,Sacramento County,CA,38.116657,-121.653748,-98.046217
04-067-20315,Rivermaid 16-1,,EOG Resources Inc.,Sacramento County,CA,38.290752,-121.547256,-97.985991
04-067-20317,Esperanza 9-1,,EOG Resources Inc.,Sacramento County,CA,38.302814,-121.556084,-97.985888
04-067-20333,Rosellini 1-22,,EOG Resources Inc.,Sacramento County,CA,38.169941,-121.623261,-97.981747
04-067-20334,Souza 1-9,,EOG Resources Inc.,Sacramento County,CA,38.213036,-121.555176,-97.986412
04-067-20336,Isleton Gas Unit 1-26,,EOG Resources Inc.,Sacramento County,CA,38.158585,-121.61335,-97.99038
04-067-20344,Transamerica 1-12,,EOG Resources Inc.,Sacramento County,CA,38.111668,-121.592995,-97.98592
04-077-00153,Milton & Towne A 2,,EOG Resources Inc.,San Joaquin County,CA,38.201057,-121.498421,-98.004382
04-077-20001,Milton & Towne A 3,,EOG Resources Inc.,San Joaquin County,CA,38.197914,-121.486053,-98.018593
04-077-20031,Milton & Towne A 4,,EOG Resources Inc.,San Joaquin County,CA,38.202595,-121.483582,-98.031175
04-077-20512,Stevens 16-1,,EOG Resources Inc.,San Joaquin County,CA,38.109756,-121.435371,-98.034258
04-077-20555,Patterson 31-4,,EOG Resources Inc.,San Joaquin County,CA,38.237396,-121.47068,-97.998814
04-077-20557,Blossom 32-1,,EOG Resources Inc.,San Joaquin County,CA,38.236225,-121.460396,-97.993004
04-077-20566,Ripken 21-1,,EOG Resources Inc.,San Joaquin County,CA,38.089031,-121.442482,-98.00512
04-077-20593,Pacific Realty 1-11,,EOG Resources Inc.,San Joaquin County,CA,38.215061,-121.504143,-97.970437
04-077-20599,Pacific Realty 1-13,,EOG Resources Inc.,San Joaquin County,CA,38.193638,-121.491661,-97.98865
04-077-20607,Long 2-34,,EOG Resources Inc.,San Joaquin County,CA,37.894459,-121.300949,-98.035374
04-077-20611,Long 3-34D,,EOG Resources Inc.,San Joaquin County,CA,37.890114,-121.298241,-98.038831
04-095-20445,Donovan 21-1,,EOG Resources Inc.,Solano County,CA,38.351196,-121.755859,-98.05379
04-095-20573,Avery-Wellman 12-15-2,,EOG Resources Inc.,Solano County,CA,38.191887,-121.749809,-98.051091
04-095-20580,Donovan 21-2,,EOG Resources Inc.,Solano County,CA,38.352009,-121.755371,-98.036246
04-095-20645,Donovan 21-3,,EOG Resources Inc.,Solano County,CA,38.354862,-121.757156,-98.0202
04-095-20673,Donovan 21-5,,EOG Resources Inc.,Solano County,CA,38.352448,-121.75544,-97.997911
04-095-20731,Campbell Ranch 4-1,,EOG Resources Inc.,Solano County,CA,38.40134,-121.761589,-98.043191
04-095-20754,Emigh 3-1,,EOG Resources Inc.,Solano County,CA,38.221066,-121.859612,-97.924123
04-095-20973,Timm 7-1,,EOG Resources Inc.,Solano County,CA,38.462669,-122.016029,-98.006516
04-095-20976,Hierlihy Estate 29-1,,EOG Resources Inc.,Solano County,CA,38.154697,-121.787178,-98.024024
04-095-20995,Mayhood 32-1D,,EOG Resources Inc.,Solano County,CA,38.146729,-121.785881,-97.989718
04-101-20215,Transamerica Sutter City 18-1,,EOG Resources Inc.,Sutter County,CA,39.144573,-121.798729,-98.036866
04-101-20291,Giusti 5-1,,EOG Resources Inc.,Sutter County,CA,39.084541,-121.772202,-98.026798
04-101-20424,Montna 9-1,,EOG Resources Inc.,Sutter County,CA,38.991974,-121.637268,-98.046221
04-103-00046,R.H.L. Brackenbury et al 1,,EOG Resources Inc.,Tehama County,CA,39.852879,-122.219368,-98.047471
04-103-00049,R.H.L. Brackenbury et al 4,,EOG Resources Inc.,Tehama County,CA,39.845379,-122.23011,-98.037935
04-103-00107,Dolan 8,,EOG Resources Inc.,Tehama County,CA,39.8074,-122.211426,-97.982154
04-103-20011,Salvagno 1,,EOG Resources Inc.,Tehama County,CA,39.8083,-122.228798,-97.980517
04-103-20020,Alpine Unit 2-28,,EOG Resources Inc.,Tehama County,CA,39.818779,-122.212067,-97.981506
04-103-20021,Sage Unit 2-21,,EOG Resources Inc.,Tehama County,CA,39.83934,-122.210213,-97.984362
04-103-20027,Sage Unit 4-21,,EOG Resources Inc.,Tehama County,CA,39.8344,-122.203148,-97.9927
04-103-20033,Sage Unit 5-21,,EOG Resources Inc.,Tehama County,CA,39.840488,-122.203285,-98.023464
04-103-20034,Alpine Unit 3-28,,EOG Resources Inc.,Tehama County,CA,39.825291,-122.203217,-97.470921
04-103-20037,R.H.L. Brackenbury et al 5,,EOG Resources Inc.,Tehama County,CA,39.84676,-122.198906,-100.212767
04-103-20050,R.H.L. Brackenbury et al 7A,,EOG Resources Inc.,Tehama County,CA,39.84634,-122.203239,-97.414327
04-103-20065,Unit 1 27,,EOG Resources Inc.,Tehama County,CA,39.824409,-122.194359,-98.613142
04-103-20080,Alpine Unit 28 5,,EOG Resources Inc.,Tehama County,CA,39.821899,-122.207703,-98.620435
04-103-20083,Alpine Unit 6-28,,EOG Resources Inc.,Tehama County,CA,39.816158,-122.207008,-98.594885
04-103-20147,Cowley 36-1,,EOG Resources Inc.,Tehama County,CA,39.89505,-122.14418,-98.598256
04-103-20151,Johnson 30-1,,EOG Resources Inc.,Tehama County,CA,39.813911,-122.235947,-98.611911
04-103-20167,Dolan 9,,EOG Resources Inc.,Tehama County,CA,39.821991,-122.222298,-98.053077
04-103-20179,Sage Unit 8-21,,EOG Resources Inc.,Tehama County,CA,39.82896,-122.204521,-98.02258
04-103-20197,Studybaker 33-1,,EOG Resources Inc.,Tehama County,CA,39.812241,-122.199051,-101.706664
04-103-20201,Johnson 30-2,,EOG Resources Inc.,Tehama County,CA,39.819019,-122.239723,-97.801961
04-103-20215,Alberico 30-1,,EOG Resources Inc.,Tehama County,CA,,39.825668,-122.130226
04-103-20219,Quarre 30-1,,EOG Resources Inc.,Tehama County,CA,,39.81987,-122.135246
04-113-20683,Howald 16-1,,EOG Resources Inc.,Yolo County,CA,,38.719402,-121.758446
04-113-20999,Hamel 30-1,,EOG Resources Inc.,Yolo County,CA,,38.503628,-121.677902
04-113-21006,Hamel 36-1,,EOG Resources Inc.,Yolo County,CA,,38.588737,-121.695412
04-113-21012,Budnik 13-1,,EOG Resources Inc.,Yolo County,CA,,38.362492,-121.584969
04-113-21013,Pylman 20-1,,EOG Resources Inc.,Yolo County,CA,,38.351532,-121.562798
04-113-21017,Heidrick 36-1,,EOG Resources Inc.,Yolo County,CA,,38.576515,-121.817848
05-009-06153,MCMICHAELS 1,379091,EOG RESOURCES INC,Baca County,CO,,37.274742,-102.179299
05-009-06165,GERK 1,379098,EOG RESOURCES INC,Baca County,CO,,37.325721,-102.156948
05-009-06190,COMMERCE RANCH INC. 'A' 1,379116,EOG RESOURCES INC,Baca County,CO,,37.328461,-102.19509
05-009-06191,MOORE F 1,379117,EOG RESOURCES INC,Baca County,CO,,37.321391,-102.20991
05-009-06245,SCHARTZ 1,379150,EOG RESOURCES INC,Baca County,CO,,37.247492,-102.245141
05-009-06255,FRAZEE A 1,379156,EOG RESOURCES INC,Baca County,CO,,37.35148,-102.238411
05-009-06291,ROBBINS RANCH 1,379178,EOG RESOURCES INC,Baca County,CO,,37.289162,-102.147348
05-009-06491,HUME 1-29,379313,EOG RESOURCES INC,Baca County,CO,,37.234703,-102.179398
05-009-06492,ROSS 1-23,379314,EOG RESOURCES INC,Baca County,CO,,37.33702,-102.233801
05-009-06493,COMMERCE RANCH 2-19,379315,EOG RESOURCES INC,Baca County,CO,,37.333421,-102.1932
05-009-06527,FHA 1-26,379326,EOG RESOURCES INC,Baca County,CO,,37.234792,-102.23379
05-043-06126,SANTA FE 1-1,382555,EOG RESOURCES INC,Fremont County,CO,,38.338351,-105.171447
05-057-06468,SURPRISE 2-05H,324753,EOG RESOURCES INC,Jackson County,CO,,40.51325,-106.395606
05-057-06471,EUREKA 1-04H,324756,EOG RESOURCES INC,Jackson County,CO,,40.512739,-106.388244
05-057-06479,DAMFINO 3-06H,324764,EOG RESOURCES INC,Jackson County,CO,,40.512042,-106.410428
05-057-06481,SPICER 1-06H,324765,EOG RESOURCES INC,Jackson County,CO,,40.5125,-106.421739
05-057-06495,HOMESTEAD 04-09H,413833,EOG RESOURCES INC,Jackson County,CO,,40.585678,-106.372761
05-057-06503,CASTLE 3-30H,414109,EOG RESOURCES INC,Jackson County,CO,,40.545219,-106.407806
05-057-06516,Indian Creek 01-05H,426363,EOG RESOURCES INC,Jackson County,CO,,40.512519,-106.166042
05-057-06517,MacFarlane 01-36H,426427,EOG RESOURCES INC,Jackson County,CO,,40.539481,-106.313036
05-061-06476,STATE 1-16,384641,EOG RESOURCES INC,Kiowa County,CO,,38.322453,-102.464664
05-061-06505,TRAVELERS 1,384665,EOG RESOURCES INC,Kiowa County,CO,,38.555381,-102.104115
05-061-06515,PROSSER 1,384675,EOG RESOURCES INC,Kiowa County,CO,,38.588371,-102.072944
05-061-06517,BEATRICE 1,384677,EOG RESOURCES INC,Kiowa County,CO,,38.584961,-102.090414
05-061-06519,PROSSER 2,384679,EOG RESOURCES INC,Kiowa County,CO,,38.588121,-102.085814
05-061-06523,HARDING 1,384683,EOG RESOURCES INC,Kiowa County,CO,,38.541381,-102.090204
05-061-06526,CROCKETT 1,384686,EOG RESOURCES INC,Kiowa County,CO,,38.556171,-102.172947
05-061-06528,FIRNER 1,384688,EOG RESOURCES INC,Kiowa County,CO,,38.480423,-102.047482
05-061-06535,MAURINE 1,384695,EOG RESOURCES INC,Kiowa County,CO,,38.462393,-102.047252
05-061-06537,FIRNER 2,384697,EOG RESOURCES INC,Kiowa County,CO,,38.483932,-102.049042
05-061-06538,WILLIAM 1,384698,EOG RESOURCES INC,Kiowa County,CO,,38.498252,-102.048213
05-061-06539,CECIL 1,384699,EOG RESOURCES INC,Kiowa County,CO,,38.549181,-102.100204
05-061-06541,WILLIAM 2,384701,EOG RESOURCES INC,Kiowa County,CO,,38.480703,-102.052153
05-061-06542,MAURINE 2,384702,EOG RESOURCES INC,Kiowa County,CO,,38.468773,-102.047292
05-061-06644,HARDING 2,384792,EOG RESOURCES INC,Kiowa County,CO,,38.538311,-102.094164
05-081-06947,WARLOCK STATE 1,313090,EOG RESOURCES INC,Moffat County,CO,,40.941764,-107.589672
05-081-06998,MCELVAIN FED 1,392437,EOG RESOURCES INC,Moffat County,CO,,40.98943,-107.932906
05-081-06999,AARON FEDERAL 1,392438,EOG RESOURCES INC,Moffat County,CO,,40.945211,-107.976517
05-081-07033,GEHRIG STATE 1,313129,EOG RESOURCES INC,Moffat County,CO,,40.989001,-107.920748
05-081-07039,COBB 1,313131,EOG RESOURCES INC,Moffat County,CO,,40.917304,-107.720311
05-081-07041,BENT'S FORK STATE 3,392455,EOG RESOURCES INC,Moffat County,CO,,40.917173,-107.580034
05-081-07042,BENT'S FORK STATE 2,392456,EOG RESOURCES INC,Moffat County,CO,,40.920653,-107.574524
05-081-07043,BENT'S FORK STATE 1,392457,EOG RESOURCES INC,Moffat County,CO,,40.923933,-107.566034
05-081-07053,SPOON STATE 4,392464,EOG RESOURCES INC,Moffat County,CO,,40.868394,-107.598364
05-081-07054,SPOON STATE 2,313135,EOG RESOURCES INC,Moffat County,CO,,40.871854,-107.593754
05-081-07055,SPOON STATE 3,392465,EOG RESOURCES INC,Moffat County,CO,,40.868414,-107.593594
05-081-07056,FORT REYNOLDS STATE 1,313136,EOG RESOURCES INC,Moffat County,CO,,40.951288,-107.675227
05-081-07057,FORT REYNOLDS STATE 4,392466,EOG RESOURCES INC,Moffat County,CO,,40.951222,-107.670497
05-081-07058,FORT REYNOLDS STATE 3,392467,EOG RESOURCES INC,Moffat County,CO,,40.954842,-107.670527
05-081-07059,FORT REYNOLDS STATE 2,392468,EOG RESOURCES INC,Moffat County,CO,,40.954852,-107.675308
05-081-07060,SPOON STATE 1,392469,EOG RESOURCES INC,Moffat County,CO,,40.871664,-107.597734
05-081-07061,O'HENRY STATE COM 1,313137,EOG RESOURCES INC,Moffat County,CO,,40.95415,-108.008018
05-081-07066,COBB STATE 2,392471,EOG RESOURCES INC,Moffat County,CO,,40.917192,-107.720829
05-081-07067,COBB STATE 4,392472,EOG RESOURCES INC,Moffat County,CO,,40.916732,-107.730589
05-081-07068,COBB STATE 5,392473,EOG RESOURCES INC,Moffat County,CO,,40.909563,-107.730279
05-081-07069,COBB STATE 3,392474,EOG RESOURCES INC,Moffat County,CO,,40.909773,-107.720528
05-081-07205,KALINE FEDERAL 12,313209,EOG RESOURCES INC,Moffat County,CO,,40.987981,-107.917584
05-081-07206,KALINE FEDERAL 14,313210,EOG RESOURCES INC,Moffat County,CO,,40.987195,-107.922539
05-081-07207,KALINE STATE 13,313211,EOG RESOURCES INC,Moffat County,CO,,40.991272,-107.923016
05-081-07214,BAKERS PEAK UNIT 1,313216,EOG RESOURCES INC,Moffat County,CO,,40.897504,-107.508162
05-081-07217,BAKERS PEAK UNIT 3,313219,EOG RESOURCES INC,Moffat County,CO,,40.921143,-107.551712
05-081-07218,BAKERS PEAK UNIT 4,313220,EOG RESOURCES INC,Moffat County,CO,,40.9107,-107.55097
05-081-07278,MUD SPRING DRAW UNIT 1,313264,EOG RESOURCES INC,Moffat County,CO,,40.886272,-107.584608
05-081-07295,KALINE FEDERAL 8,313281,EOG RESOURCES INC,Moffat County,CO,,40.98407,-107.91842
05-081-07296,KALINE FEDERAL 17,313282,EOG RESOURCES INC,Moffat County,CO,,40.983893,-107.923115
05-081-07297,BOGGS STATE 1,313283,EOG RESOURCES INC,Moffat County,CO,,40.938135,-107.5651
05-081-07301,BAKERS PEAK STATE 9,313287,EOG RESOURCES INC,Moffat County,CO,,40.921208,-107.551836
05-081-07331,BAKERS PEAK UNIT 8,313311,EOG RESOURCES INC,Moffat County,CO,,40.917436,-107.556633
05-081-07332,BAKERS PEAK UNIT 7,313312,EOG RESOURCES INC,Moffat County,CO,,40.920697,-107.560669
05-081-07333,BAKERS PEAK UNIT 6,313313,EOG RESOURCES INC,Moffat County,CO,,40.913675,-107.558417
05-081-07334,BAKERS PEAK UNIT #5,313314,EOG RESOURCES INC,Moffat County,CO,,40.913836,-107.550433
05-081-07367,NICOLE FEDERAL 1,313342,EOG RESOURCES INC,Moffat County,CO,,40.86878,-107.53227
05-081-07445,THORNBURG UNIT 2,313403,EOG RESOURCES INC,Moffat County,CO,,40.93175,-107.692722
05-081-07447,ROWENA COM 1,313405,EOG RESOURCES INC,Moffat County,CO,,40.9526,-107.540181
05-081-07452,BAKERS PEAK UNIT 10,313410,EOG RESOURCES INC,Moffat County,CO,,40.912161,-107.539233
05-081-07576,THORNBURGH UNIT 1,413706,EOG RESOURCES INC,Moffat County,CO,,40.933161,-107.708683
05-081-07597,BIGHOLE GULCH UNIT 3,414331,EOG RESOURCES INC,Moffat County,CO,,40.926174,-107.970765
05-081-07598,BIG HOLE GULCH UNIT #2 2,414321,EOG RESOURCES INC,Moffat County,CO,,40.922525,-107.965997
05-083-06612,NORTH MAIL TRAIL 5,393283,EOG RESOURCES INC,Montezuma County,CO,,37.320568,-109.029554
05-083-06616,CANNONBALL UNIT 1-18,393284,EOG RESOURCES INC,Montezuma County,CO,,37.289689,-108.990442
05-099-06275,BARRETT 1-19,396445,EOG RESOURCES INC,Prowers County,CO,,38.040358,-102.290777
05-123-30585,Bevo 4-36 SWD,414138,EOG RESOURCES INC,Weld County,CO,,40.967881,-104.38425
05-123-31035,SIMBA 1-06 SWD,415149,EOG RESOURCES INC,Weld County,CO,,40.955617,-104.362222
05-123-31213,Fox Creek 4-27H,415872,EOG RESOURCES INC,Weld County,CO,,40.974508,-104.412136
05-123-31245,Garden Creek 3-05H,415742,EOG RESOURCES INC,Weld County,CO,,40.946847,-104.336958
05-123-31289,Garden Creek 05-08H,415894,EOG RESOURCES INC,Weld County,CO,,40.943631,-104.351589
05-123-31290,Shorthorn 13-33H,415825,EOG RESOURCES INC,Weld County,CO,,40.873364,-104.318433
05-123-31426,Garden Creek 10-17H,416552,EOG RESOURCES INC,Weld County,CO,,40.917394,-104.337781
05-123-31452,Garden Creek 22-30H,416692,EOG RESOURCES INC,Weld County,CO,,40.8883,-104.355489
05-123-31487,Garden Creek 08-15H,415868,EOG RESOURCES INC,Weld County,CO,,40.916783,-104.299428
05-123-31494,Olive 1-16H,416854,EOG RESOURCES INC,Weld County,CO,,40.92715,-104.104286
05-123-31509,Peach 3-12H,416882,EOG RESOURCES INC,Weld County,CO,,40.930356,-104.153739
05-123-31650,Randall Creek 07-20H,417363,EOG RESOURCES INC,Weld County,CO,,40.988658,-104.340586
05-123-32157,Garden Creek 18-26H,419152,EOG RESOURCES INC,Weld County,CO,,40.887442,-104.279792
05-123-32286,Garden Creek 22-19H,419615,EOG RESOURCES INC,Weld County,CO,,40.902022,-104.365017
05-123-32440,Lion Creek 10-36H,420055,EOG RESOURCES INC,Weld County,CO,,40.882856,-104.501711
05-123-32446,Garden Creek 20-28H,420082,EOG RESOURCES INC,Weld County,CO,,40.887507,-104.318153
05-123-32447,Elk Creek 1-04H,420090,EOG RESOURCES INC,Weld County,CO,,40.8596,-104.317444
05-123-32448,Garden Creek 26-35H,420074,EOG RESOURCES INC,Weld County,CO,,40.87315,-104.279042
05-123-32449,Critter Creek 15-19H,420087,EOG RESOURCES INC,Weld County,CO,,40.913636,-104.483525
05-123-32450,Elk Creek 5-08H,420085,EOG RESOURCES INC,Weld County,CO,,40.855983,-104.347428
05-123-32451,Elk Creek 2-05H,420076,EOG RESOURCES INC,Weld County,CO,,40.858786,-104.336389
05-123-32453,Garden Creek 25-34H,420097,EOG RESOURCES INC,Weld County,CO,,40.873286,-104.298211
05-123-32519,Elk Creek 3-06H,420253,EOG RESOURCES INC,Weld County,CO,,40.85875,-104.355817
05-123-32557,Elk Creek 06-09H,420380,EOG RESOURCES INC,Weld County,CO,,40.855678,-104.329294
05-123-32602,Randall Creek 11-22H,420574,EOG RESOURCES INC,Weld County,CO,,40.989694,-104.298189
05-123-32607,Critter Creek 27-34H,420513,EOG RESOURCES INC,Weld County,CO,,40.884822,-104.426497
05-123-32625,Garden Creek 15-22H,420529,EOG RESOURCES INC,Weld County,CO,,40.902783,-104.299689
05-123-32633,Randall Creek 08-22H,420574,EOG RESOURCES INC,Weld County,CO,,40.989761,-104.298186
05-123-32658,Critter Creek 28-35H,420674,EOG RESOURCES INC,Weld County,CO,,40.884625,-104.407347
05-123-32662,Garden Creek 23-31H,420654,EOG RESOURCES INC,Weld County,CO,,40.873797,-104.355489
05-123-32728,Critter Creek 26-33H,420852,EOG RESOURCES INC,Weld County,CO,,40.873083,-104.430003
05-123-32828,Eastman Creek 9-25H,421099,EOG RESOURCES INC,Weld County,CO,,40.886264,-104.717086
05-123-32835,Spring 04-10H,421179,EOG RESOURCES INC,Weld County,CO,,40.855056,-104.877956
05-123-32836,Chaulk Bluff 6-29H,421177,EOG RESOURCES INC,Weld County,CO,,40.886158,-104.679489
05-123-32839,Eastman Creek 01-19H,421189,EOG RESOURCES INC,Weld County,CO,,40.912681,-104.827769
05-123-32859,Spring 03-04H,421231,EOG RESOURCES INC,Weld County,CO,,40.8689,-104.904322
05-123-32861,Spring 02-03H,421242,EOG RESOURCES INC,Weld County,CO,,40.868983,-104.885194
05-123-32863,Randall Creek 10-25H,421254,EOG RESOURCES INC,Weld County,CO,,40.974961,-104.260106
05-123-32867,Spring 05-11H,421247,EOG RESOURCES INC,Weld County,CO,,40.854519,-104.865881
05-123-32870,Spring 10-24H,421225,EOG RESOURCES INC,Weld County,CO,,40.813631,-104.839969
05-123-32900,Chaulk Bluffs 9-33H,421382,EOG RESOURCES INC,Weld County,CO,,40.883125,-104.675503
05-123-32906,Lonetree 09-14H,421430,EOG RESOURCES INC,Weld County,CO,,40.828011,-104.735956
05-123-32914,Eastman Creek 08-35H,421434,EOG RESOURCES INC,Weld County,CO,,40.883369,-104.751436
05-123-32945,Tree Creek 07-14H,421524,EOG RESOURCES INC,Weld County,CO,,40.827364,-104.621383
05-123-32963,Eastman Creek 05-33H,421572,EOG RESOURCES INC,Weld County,CO,,40.871328,-104.782506
05-123-32967,Garden Creek 14-21H,421574,EOG RESOURCES INC,Weld County,CO,,40.913475,-104.332986
05-123-33044,Five Well Draw 06-14H,421788,EOG RESOURCES INC,Weld County,CO,,40.744408,-104.051403
05-123-33046,Five Well Draw 02-03H,421793,EOG RESOURCES INC,Weld County,CO,,40.783017,-104.085686
05-123-33047,Five Well Draw 05-13H,421769,EOG RESOURCES INC,Weld County,CO,,40.757061,-104.048603
05-123-33049,Five Well Draw 04-09H,421765,EOG RESOURCES INC,Weld County,CO,,40.758597,-104.090006
05-123-33050,Five Well Draw 01-02H,421772,EOG RESOURCES INC,Weld County,CO,,40.774056,-104.051064
05-123-33051,Jackson Draw 02-02H,421787,EOG RESOURCES INC,Weld County,CO,,40.781964,-104.180594
05-123-33054,Five Well Draw 07-15H,421775,EOG RESOURCES INC,Weld County,CO,,40.755908,-104.086367
05-123-33058,Five Well Draw 03-04H,421778,EOG RESOURCES INC,Weld County,CO,,40.773117,-104.089983
05-123-33073,Jackson Draw 5-11H,421822,EOG RESOURCES INC,Weld County,CO,,40.759197,-104.164842
05-123-33078,Jackson Draw 7-13H,421803,EOG RESOURCES INC,Weld County,CO,,40.743222,-104.147572
05-123-33096,Jackson Draw 08-14H,421842,EOG RESOURCES INC,Weld County,CO,,40.743631,-104.164564
05-123-33148,Spring 09-22H,422031,EOG RESOURCES INC,Weld County,CO,,40.825533,-104.884831
05-123-33155,Spring 12-26H,422106,EOG RESOURCES INC,Weld County,CO,,40.811008,-104.865847
05-123-33156,Spring 01-02H,422103,EOG RESOURCES INC,Weld County,CO,,40.857281,-104.850603
05-123-33158,Tree Creek 02-01H,422105,EOG RESOURCES INC,Weld County,CO,,40.856586,-104.602714
05-123-33160,Jackson Draw 06-12H,422110,EOG RESOURCES INC,Weld County,CO,,40.758781,-104.147353
05-123-33164,Jackson Draw 03-03H,422135,EOG RESOURCES INC,Weld County,CO,,40.782397,-104.199628
05-123-33186,Lion Creek 18-20H,422194,EOG RESOURCES INC,Weld County,CO,,40.900403,-104.56255
05-123-33253,Jackson Draw 04-10H,422478,EOG RESOURCES INC,Weld County,CO,,40.769953,-104.198975
05-123-33261,Lonetree 1-04H,422445,EOG RESOURCES INC,Weld County,CO,,40.868244,-104.789111
05-123-33276,Lonetree 08-06H,422439,EOG RESOURCES INC,Weld County,CO,,40.857031,-104.812231
05-123-33306,Lion Creek 1-12H,422569,EOG RESOURCES INC,Weld County,CO,,40.942264,-104.493967
05-123-33307,Lion Creek 13-06H,422555,EOG RESOURCES INC,Weld County,CO,,40.943311,-104.582778
05-123-33332,Elk Creek 10-14H,422625,EOG RESOURCES INC,Weld County,CO,,40.841536,-104.285311
05-123-33333,Eastman Creek 4-28H,422659,EOG RESOURCES INC,Weld County,CO,,40.886183,-104.783128
05-123-33334,Chaulk Bluffs 7-30H,422652,EOG RESOURCES INC,Weld County,CO,,40.897653,-104.712314
05-123-33335,Tree Creek 11-28H,422667,EOG RESOURCES INC,Weld County,CO,,40.798806,-104.6604
05-123-33336,Tree Creek 13-34H,422656,EOG RESOURCES INC,Weld County,CO,,40.784231,-104.64075
05-123-33337,Tree Creek 10-22H,422653,EOG RESOURCES INC,Weld County,CO,,40.824836,-104.648269
05-123-33340,Chaulk Bluffs 02-19H,422666,EOG RESOURCES INC,Weld County,CO,,40.912197,-104.704989
05-123-33341,Eastman Creek 3-29H,422669,EOG RESOURCES INC,Weld County,CO,,40.896433,-104.799814
05-123-33342,Tree Creek 05-12H,422661,EOG RESOURCES INC,Weld County,CO,,40.842436,-104.603106
05-123-33343,Eastman Creek 02-30H,422668,EOG RESOURCES INC,Weld County,CO,,40.898231,-104.828758
05-123-33344,Chaulk Bluffs 08-31H,422654,EOG RESOURCES INC,Weld County,CO,,40.871433,-104.698292
05-123-33347,Lion Creek 19-30H,422690,EOG RESOURCES INC,Weld County,CO,,40.898225,-104.586758
05-123-33348,Robinson Creek 02-06H,422683,EOG RESOURCES INC,Weld County,CO,,40.769953,-104.698086
05-123-33350,Eastman Creek 06-32H,422675,EOG RESOURCES INC,Weld County,CO,,40.872486,-104.792769
05-123-33354,Critter Creek 32-10H,422692,EOG RESOURCES INC,Weld County,CO,,40.930469,-104.421217
05-123-33356,Bingo Creek 06-18H,422703,EOG RESOURCES INC,Weld County,CO,,40.839692,-104.590331
05-123-33357,Garden Creek 22-30H,416692,EOG RESOURCES INC,Weld County,CO,,40.88832,-104.355489
05-123-33358,Bingo Creek 03-07H,422698,EOG RESOURCES INC,Weld County,CO,,40.842619,-104.582367
05-123-33359,Bingo Creek 08-16H,422695,EOG RESOURCES INC,Weld County,CO,,40.839694,-104.559714
05-123-33360,Bingo Creek 10-20H,422696,EOG RESOURCES INC,Weld County,CO,,40.813969,-104.572472
05-123-33366,Bingo Creek 14-29H,422740,EOG RESOURCES INC,Weld County,CO,,40.810814,-104.571889
05-123-33380,Tree Creek 04-10H,422765,EOG RESOURCES INC,Weld County,CO,,40.854531,-104.655275
05-123-33384,Eastman Creek 11-15H,422756,EOG RESOURCES INC,Weld County,CO,,40.915175,-104.763414
05-123-33385,Sligo Ridge 28-34H,422786,EOG RESOURCES INC,Weld County,CO,,40.79755,-104.077133
05-123-33387,Sligo Ridge 19-21H,422784,EOG RESOURCES INC,Weld County,CO,,40.814689,-104.089194
05-123-33435,Geary Creek 07-11H,422873,EOG RESOURCES INC,Weld County,CO,,40.856086,-104.408522
05-123-33439,Jackson Draw 01-01H,422914,EOG RESOURCES INC,Weld County,CO,,40.772214,-104.146775
05-123-33463,Geary Creek 02-03H,422986,EOG RESOURCES INC,Weld County,CO,,40.858733,-104.421053
05-123-33485,Tree Creek 06-13H,423027,EOG RESOURCES INC,Weld County,CO,,40.827686,-104.602742
05-123-33486,Fiscus Mesa 20-22H,423010,EOG RESOURCES INC,Weld County,CO,,40.742667,-103.857731
05-123-33536,Spring 07-13H,423214,EOG RESOURCES INC,Weld County,CO,,40.839247,-104.846944
05-123-33538,Chaulk Bluffs 03-20H,423220,EOG RESOURCES INC,Weld County,CO,,40.900364,-104.687597
05-123-33573,Geary Creek 03-10H,423379,EOG RESOURCES INC,Weld County,CO,,40.855661,-104.427572
05-123-33574,Geary Creek 06-10H,423379,EOG RESOURCES INC,Weld County,CO,,40.855617,-104.427508
05-123-33585,Garden Creek 19-27H,423422,EOG RESOURCES INC,Weld County,CO,,40.887481,-104.299244
05-123-33591,Eastman Creek 07-34H,423445,EOG RESOURCES INC,Weld County,CO,,40.8716,-104.75615
05-123-33754,Jackson Draw 09-15H,423839,EOG RESOURCES INC,Weld County,CO,,40.743225,-104.191492
05-123-33756,Spring 08-15H,423863,EOG RESOURCES INC,Weld County,CO,,40.827628,-104.878053
05-123-33758,Sligo Ridge 18-20H,423862,EOG RESOURCES INC,Weld County,CO,,40.826256,-104.123883
05-123-33759,Sligo Ridge 24-28H,423852,EOG RESOURCES INC,Weld County,CO,,40.800228,-104.089189
05-123-33760,Spring 11-14H,423864,EOG RESOURCES INC,Weld County,CO,,40.828792,-104.851333
05-123-33761,Sligo Ridge 25-29H,423870,EOG RESOURCES INC,Weld County,CO,,40.812644,-104.124028
05-123-33764,Spring 06-12H,423854,EOG RESOURCES INC,Weld County,CO,,40.854533,-104.846975
05-123-33766,Sligo Ridge 11-12H,423855,EOG RESOURCES INC,Weld County,CO,,40.855703,-104.047844
05-123-33767,Lonetree 06-28H,423851,EOG RESOURCES INC,Weld County,CO,,40.799689,-104.774328
05-123-33768,Sligo Ridge 12-13H,423890,EOG RESOURCES INC,Weld County,CO,,40.829942,-104.041042
05-123-33769,Lion Creek 12-05H,423883,EOG RESOURCES INC,Weld County,CO,,40.943342,-104.563703
05-123-33770,Elk Creek 13-21H,423893,EOG RESOURCES INC,Weld County,CO,,40.815267,-104.317511
05-123-33771,Sligo Ridge 1-01H,423888,EOG RESOURCES INC,Weld County,CO,,40.858672,-104.038464
05-123-33772,Geary Creek 17-25H,423876,EOG RESOURCES INC,Weld County,CO,,40.812733,-104.382153
05-123-33773,Lion Creek 11-04H,423881,EOG RESOURCES INC,Weld County,CO,,40.943858,-104.544856
05-123-33774,Sligo Ridge 2-02H,423877,EOG RESOURCES INC,Weld County,CO,,40.870097,-104.066031
05-123-33775,Sligo Ridge 26-30H,423885,EOG RESOURCES INC,Weld County,CO,,40.811817,-104.135036
05-123-33776,Elk Creek 16-28H,423884,EOG RESOURCES INC,Weld County,CO,,40.800783,-104.325914
05-123-33777,Geary Creek 12-16H,423897,EOG RESOURCES INC,Weld County,CO,,40.829558,-104.431392
05-123-33778,Sligo Ridge 13-14H,423901,EOG RESOURCES INC,Weld County,CO,,40.829556,-104.051225
05-123-33779,Sligo Ridge 16-18H,423906,EOG RESOURCES INC,Weld County,CO,,40.828853,-104.135783
05-123-33844,Bingo Creek 10-29H,422740,EOG RESOURCES INC,Weld County,CO,,40.810881,-104.571889
05-123-33916,Dutch Lake 06-06H,424152,EOG RESOURCES INC,Weld County,CO,,40.521533,-104.373758
05-123-33939,Fox Creek 4-27H,424192,EOG RESOURCES INC,Weld County,CO,,40.986133,-104.426747
05-123-33957,Sligo Ridge 21-23H,424259,EOG RESOURCES INC,Weld County,CO,,40.826778,-104.066403
05-123-34105,Tree Creek 01-04H,424607,EOG RESOURCES INC,Weld County,CO,,40.868625,-104.675178
05-123-34121,Fox Creek 8-27H,424192,EOG RESOURCES INC,Weld County,CO,,40.986186,-104.426797
05-123-34223,Critter Creek 35-08H,424928,EOG RESOURCES INC,Weld County,CO,,40.942703,-104.464528
05-123-34312,Sligo Ridge 9-10H,425224,EOG RESOURCES INC,Weld County,CO,,40.843086,-104.069939
05-123-34335,Sligo Ridge 4-04H,425298,EOG RESOURCES INC,Weld County,CO,,40.858281,-104.088839
05-123-34374,Sligo Ridge 17-19H,425385,EOG RESOURCES INC,Weld County,CO,,40.814567,-104.134981
05-123-34376,Lion Creek 20-29H,425414,EOG RESOURCES INC,Weld County,CO,,40.897753,-104.578033
05-123-34379,Elk creek 8-03H,425413,EOG RESOURCES INC,Weld County,CO,,40.870842,-104.313694
05-123-34408,Lion Creek 21-26H,425476,EOG RESOURCES INC,Weld County,CO,,40.897561,-104.512747
05-123-34547,Drillhole Draw 1-06H,425931,EOG RESOURCES INC,Weld County,CO,,40.870631,-104.028906
05-123-34792,Elk Creek 7-02H,426814,EOG RESOURCES INC,Weld County,CO,,40.871175,-104.294086
05-123-34804,Sligo Ridge 3-03H,426882,EOG RESOURCES INC,Weld County,CO,,40.870006,-104.076319
05-123-34853,Garden Creek 07-14H,415806,EOG RESOURCES INC,Weld County,CO,,40.916364,-104.280136
05-123-34886,Critter Creek 36-31H,427169,EOG RESOURCES INC,Weld County,CO,,40.885256,-104.484414
05-123-34893,Elk Creek 9-11H,427189,EOG RESOURCES INC,Weld County,CO,,40.855353,-104.286506
05-123-34997,Geary Creek 14-22H,427457,EOG RESOURCES INC,Weld County,CO,,40.815167,-104.412839
05-123-35094,Fox Creek 10-23H,427755,EOG RESOURCES INC,Weld County,CO,,40.988322,-104.391722
05-123-35101,Randall Creek 9-23H,427747,EOG RESOURCES INC,Weld County,CO,,41.000717,-104.293697
05-123-35105,Fox Creek 11-24H,427740,EOG RESOURCES INC,Weld County,CO,,40.988403,-104.372575
05-123-36062,Geary Creek 13-21H,430160,EOG RESOURCES INC,Weld County,CO,,40.815408,-104.431225
05-123-36155,Geary Creek 05-08H,430386,EOG RESOURCES INC,Weld County,CO,,40.856042,-104.465081
05-123-41302,Critter Creek 503-0817H,441210,EOG RESOURCES INC,Weld County,CO,,40.942419,-104.449756
15-007-22505,Brenner Trust 11-1,,"EOG Resources, Inc.",Barber County,KS,,37.368582,-98.494149
15-025-20362,Theis 1-7,1008763390,"EOG Resources, Inc.",Clark County,KS,,37.016847,-100.085618
15-025-20362,Theis 1-7,,"EOG Resources, Inc.",Clark County,KS,,37.016847,-100.085618
15-025-21099,Berryman Trust 11-1,,"EOG Resources, Inc.",Clark County,KS,,37.268468,-99.891191
15-025-21183,Theis 6-3,,"EOG Resources, Inc.",Clark County,KS,,37.024761,-100.073557
15-025-21262,GARDINER 26-1,1031853822,"EOG Resources, Inc.",Clark County,KS,,37.059532,-99.888098
15-025-21263,GARDINER 23-2,1031670384,"EOG Resources, Inc.",Clark County,KS,,37.071529,-99.895102
15-025-21279,Gardiner 1-11,,"EOG Resources, Inc.",Clark County,KS,,37.104384,-99.894494
15-025-21279,Gardiner 11-1,1033430881,"EOG Resources, Inc.",Clark County,KS,,37.104384,-99.894494
15-025-21289,GARDINER 2-26,1034648153,"EOG Resources, Inc.",Clark County,KS,,37.052743,-99.890332
15-025-21291,GARDINER 1-36,,"EOG Resources, Inc.",Clark County,KS,,37.043662,-99.873052
15-025-21294,GARDINER 1-16,1033758739,"EOG Resources, Inc.",Clark County,KS,,37.081027,-99.926153
15-025-21295,Gardiner 11-2,1033758664,"EOG Resources, Inc.",Clark County,KS,,37.105375,-99.899332
15-025-21297,GARDINER 2-14,,"EOG Resources, Inc.",Clark County,KS,,37.086349,-99.903549
15-025-21299,Gardiner 'A' 2-14,,"EOG Resources, Inc.",Clark County,KS,,37.08652,-99.903139
15-025-21372,Dunne Ranch 31-1,,"EOG Resources, Inc.",Clark County,KS,,37.037878,-99.86173
15-033-20460,Victor 3-2,,"EOG Resources, Inc.",Comanche County,KS,,37.200293,-99.15313
15-033-20554,PETRO A-18 1,,"EOG Resources, Inc.",Comanche County,KS,,37.078218,-99.430732
15-033-20842,Merrill Ranch 1-28,1001152035,"EOG Resources, Inc.",Comanche County,KS,,37.13769,-99.061234
15-033-20844,Merrill Ranch 1-34,,"EOG Resources, Inc.",Comanche County,KS,,37.133186,-99.053246
15-033-20845,Snyder 33-1,,"EOG Resources, Inc.",Comanche County,KS,,37.126657,-99.169823
15-033-20849,Merrill Ranch 28-2,,"EOG Resources, Inc.",Comanche County,KS,,37.137637,-99.06893
15-033-20849,Merrill Ranch 2-28,1020037961,"EOG Resources, Inc.",Comanche County,KS,,37.137637,-99.06893
15-033-20856,Mary Lou 33-1,,"EOG Resources, Inc.",Comanche County,KS,,37.134732,-99.165687
15-055-20709,HEWSON 1-21,,"EOG Resources, Inc.",Finney County,KS,,38.220012,-100.727313
15-055-21125,Jean Ann 1-24,,"EOG Resources, Inc.",Finney County,KS,,38.218999,-100.675936
15-055-21126,Mary 1-21,,"EOG Resources, Inc.",Finney County,KS,,38.219119,-100.726243
15-055-21132,Hewson 1-21,,"EOG Resources, Inc.",Finney County,KS,,38.218735,-100.730531
15-055-21235,HEWSON 21-2,,"EOG Resources, Inc.",Finney County,KS,,38.219147,-100.721961
15-055-21934,Greathouse 31-1,1037132640,"EOG Resources, Inc.",Finney County,KS,,37.841544,-101.087266
15-055-21934,GREATHOUSE 31-1,,"EOG Resources, Inc.",Finney County,KS,,37.841547,-101.087221
15-055-21937,JO 1-29,,"EOG Resources, Inc.",Finney County,KS,,38.110711,-100.972478
15-055-21938,Pfeifer 19-1,,"EOG Resources, Inc.",Finney County,KS,,38.125244,-100.97701
15-055-21973,Daffodil 18-1,,"EOG Resources, Inc.",Finney County,KS,,38.14287,-100.99035
15-055-21974,Heiman 28-1,,"EOG Resources, Inc.",Finney County,KS,,37.76508,-100.82635
15-055-21998,LaRue 11-1,,"EOG Resources, Inc.",Finney County,KS,,38.152513,-101.01223
15-055-22061,Wheatland 23-1,,"EOG Resources, Inc.",Finney County,KS,,37.774005,-101.012819
15-055-22074,Brookover 8-2,1043061497,"EOG Resources, Inc.",Finney County,KS,,37.901286,-100.84793
15-055-22079,Brookover 8-3,,"EOG Resources, Inc.",Finney County,KS,,37.900261,-100.854323
15-055-22097,Brookover 4-3,,"EOG Resources, Inc.",Finney County,KS,,37.903686,-100.834972
15-055-22105,Brookover 4-4,,"EOG Resources, Inc.",Finney County,KS,,37.903915,-100.836589
15-057-20498,Vera 1-13,,"EOG Resources, Inc.",Ford County,KS,,37.784581,-99.576639
15-067-21643,Tate 9-1,,"EOG Resources, Inc.",Grant County,KS,,37.63312,-101.260782
15-067-21644,Adrienne 2-1,,"EOG Resources, Inc.",Grant County,KS,,37.642973,-101.328818
15-067-21645,Doraine 21 #1,,"EOG Resources, Inc.",Grant County,KS,,37.686662,-101.38044
15-067-21685,Lighty 33-1,,"EOG Resources, Inc.",Grant County,KS,,37.485955,-101.149183
15-067-21689,Klepper Trust 16-1,,"EOG Resources, Inc.",Grant County,KS,,37.445249,-101.48713
15-067-21726,Vergil 14-1,,"EOG Resources, Inc.",Grant County,KS,,37.437963,-101.44005
15-081-21701,Apsley 2-1,,"EOG Resources, Inc.",Haskell County,KS,,37.64647,-100.99149
15-081-21701,Apsley 2-1,1037175131,"EOG Resources, Inc.",Haskell County,KS,,37.646426,-100.991539
15-081-21738,KING 1-11,,"EOG Resources, Inc.",Haskell County,KS,,37.626616,-101.012599
15-081-21749,Apsley 3-1,,"EOG Resources, Inc.",Haskell County,KS,,37.6388,-100.997382
15-081-21750,Kehn 8-1,,"EOG Resources, Inc.",Haskell County,KS,,37.624275,-101.054255
15-081-21773,ALLIE 1,,"EOG Resources, Inc.",Haskell County,KS,,37.488565,-100.793637
15-081-21781,Rutledge Farms 16-1,,"EOG Resources, Inc.",Haskell County,KS,,37.519347,-100.817906
15-081-21801,Cattle Empire 14-2,,"EOG Resources, Inc.",Haskell County,KS,,37.607584,-101.005411
15-081-21818,Huitt Trust 5-O15-30-33,,"EOG Resources, Inc.",Haskell County,KS,,37.432274,-100.914908
15-081-21818,Huitt Trust 5-O15-30-33,,"EOG Resources, Inc.",Haskell County,KS,,37.432271,-100.914877
15-081-21825,Rollie 13-1,1039195351,"EOG Resources, Inc.",Haskell County,KS,,37.606705,-100.981572
17-085-22011,OLYMPIA MINERALS 22 001,,"EOG RESOURCES, INC.",Sabine Parish,LA,,31.482742,-93.477959
17-085-22013,KIMBRELL ESTATE 2 001,,"EOG RESOURCES, INC.",Sabine Parish,LA,,31.623943,-93.566701
17-085-22022,OLYMPIA MINERALS-CORAL SEA 001,,"EOG RESOURCES, INC.",Sabine Parish,LA,,31.517611,-93.457408
17-085-22068,LONG LEAF LBR CO 001,049991-1,"EOG RESOURCES, INC.",Sabine Parish,LA,,31.566502,-93.457338
17-085-22072,SABINE LBR CO 13 001,,"EOG RESOURCES, INC.",Sabine Parish,LA,,31.58857,-93.54966
17-085-22081,MERIWETHER 001,050199-1,"EOG RESOURCES, INC.",Sabine Parish,LA,,31.544245,-93.392715
17-097-20995,PATRICIA ANN FERGUSON ETAL 001,,"EOG RESOURCES, INC.",St. Landry Parish,LA,,30.504333,-91.769675
17-115-20230,INDIGO 25 H 001,051756-1,"EOG RESOURCES, INC.",Vernon Parish,LA,,31.21233,-93.040231
17-119-21745,JAMES 1,049326-2,"EOG RESOURCES, INC.",Webster Parish,LA,,0,0
17-119-21755,MCDOW 2,049401-2,"EOG RESOURCES, INC.",Webster Parish,LA,,32.623766,-93.221561
17-119-21787,STAHL 15 001,,"EOG RESOURCES, INC.",Webster Parish,LA,,32.467604,-93.181824
17-119-22044,WORSHAM ETAL 24 001,614838-2,"EOG RESOURCES, INC.",Webster Parish,LA,,32.880179,-93.456294
23-031-20196,EUNICE ODUM 1,,EOG RESOURCES INC,Covington County,MS,,31.5526,-89.6101
23-031-20204,POPE 15-11 1,,EOG RESOURCES INC,Covington County,MS,,0,0
23-031-20212,KIRCHHOFER 23-4 1,,EOG RESOURCES INC,Covington County,MS,,0,0
23-031-20213,MCGOWEN 22-8 1,,EOG RESOURCES INC,Covington County,MS,,0,0
23-031-20215,GREEN 26-16 1,,EOG RESOURCES INC,Covington County,MS,,0,0
23-031-20216,MICHAEL KNIGHT 17-15 1,,EOG RESOURCES INC,Covington County,MS,,31.56815,-89.62892
23-031-20222,KIRCHOFER 23-4 1,,EOG RESOURCES INC,Covington County,MS,,0,0
23-031-20224,Douglas McGowen 28-6 1,,EOG RESOURCES INC,Covington County,MS,,31.54663,-89.61333
23-031-20229,Williamsburg 17-7 1,,EOG RESOURCES INC,Covington County,MS,,31.57357,-89.6254
23-031-20231,SANFORD 22-13 1,,EOG RESOURCES INC,Covington County,MS,,0,0
23-031-20233,KIRCHHOFER 23-4 1,,EOG RESOURCES INC,Covington County,MS,,0,0
23-031-20235,Mauldin 27-10 1,,EOG RESOURCES INC,Covington County,MS,,31.54141,-89.59408
23-031-20243,KIRCHHOFER 23-4 1,,EOG RESOURCES INC,Covington County,MS,,0,0
23-031-20245,SANFORD 22-13 1,,EOG RESOURCES INC,Covington County,MS,,0,0
23-031-20252,SANFORD 22-13 1,,EOG RESOURCES INC,Covington County,MS,,0,0
23-031-20258,BAGLEY 18-2 1,,EOG RESOURCES INC,Covington County,MS,,0,0
23-031-20261,DAVIS 34-6 1,,EOG RESOURCES INC,Covington County,MS,,0,0
23-031-20263,SANFORD 22-13 1,,EOG RESOURCES INC,Covington County,MS,,0,0
23-031-20264,MCINTOSH 9-5 1,,EOG RESOURCES INC,Covington County,MS,,31.58938,-89.61703
23-031-20265,WILLIAMSON 9-7 1,,EOG RESOURCES INC,Covington County,MS,,0,0
23-031-20266,HAMMETT 23-14 1,,EOG RESOURCES INC,Covington County,MS,,0,0
23-031-20267,SANFORD 22-13 1,,EOG RESOURCES INC,Covington County,MS,,0,0
23-049-20225,MAJURE 10-15 1,,EOG RESOURCES INC,Hinds County,MS,,0,0
23-049-20226,STEWART 18-11 1,,EOG RESOURCES INC,Hinds County,MS,,0,0
23-049-20227,MAJURE 10-15 1,,EOG RESOURCES INC,Hinds County,MS,,32.10962,-90.59449
23-049-20229,BUFKIN 14-5,,EOG RESOURCES INC,Hinds County,MS,,0,0
23-049-20230,UTICA BOE 16-4,,EOG RESOURCES INC,Hinds County,MS,,0,0
23-065-20255,CHANDLER N A 26-16 1,,EOG RESOURCES INC,Jefferson Davis County,MS,,31.71472,-89.87603
23-065-20257,DENKMANN LBR25-5 1,,EOG RESOURCES INC,Jefferson Davis County,MS,,31.7202,-89.86842
23-065-20258,McLaurin 23-14 1,,EOG RESOURCES INC,Jefferson Davis County,MS,,31.72925,-89.88262
23-065-20263,DALE 25-7 1,,EOG RESOURCES INC,Jefferson Davis County,MS,,31.72088,-89.86186
23-065-20267,DENKMANN LUMBER CO 26-11 1,,EOG RESOURCES INC,Jefferson Davis County,MS,,31.71902,-89.88374
23-065-20309,DENKMANN 26-14 1,,EOG RESOURCES INC,Jefferson Davis County,MS,,31.71297,-89.8843
23-065-20315,FICB 30-13 1,,EOG RESOURCES INC,Jefferson Davis County,MS,,31.71309,-89.85365
23-065-20316,FICB 30-2 1,,EOG RESOURCES INC,Jefferson Davis County,MS,,31.725719,-89.847601
23-065-20319,CHANDLER N A 26-16 2,,EOG RESOURCES INC,Jefferson Davis County,MS,,31.7128,-89.87434
23-065-20320,DENKMANN LBR 26-15 1,,EOG RESOURCES INC,Jefferson Davis County,MS,,31.71275,-89.8801
23-065-20323,DENKMANN 26-3 1,,EOG RESOURCES INC,Jefferson Davis County,MS,,31.7256,-89.8829
23-065-20324,FICB 30-10 1,,EOG RESOURCES INC,Jefferson Davis County,MS,,31.71699,-89.84621
23-065-20325,FICB 30-6 1,,EOG RESOURCES INC,Jefferson Davis County,MS,,31.721586,-89.848989
23-065-20328,FICB 25-8 1,,EOG RESOURCES INC,Jefferson Davis County,MS,,31.72152,-89.85788
23-065-20329,FICB 36-4 1,,EOG RESOURCES INC,Jefferson Davis County,MS,,31.71034,-89.87117
23-065-20330,FICB 30-7 1,,EOG RESOURCES INC,Jefferson Davis County,MS,,31.721077,-89.844907
23-065-20360,GWINVILLE 27-5 (ORIG. 27-9) 1,,EOG RESOURCES INC,Jefferson Davis County,MS,,31.72035,-89.90565
23-065-20370,GWINVILLE 24-3 1,,EOG RESOURCES INC,Jefferson Davis County,MS,,0,0
23-065-20374,GWINVILLE 36-12 1,,EOG RESOURCES INC,Jefferson Davis County,MS,,0,0
23-065-20381,GWINVILLE 25-2 1,,EOG RESOURCES INC,Jefferson Davis County,MS,,31.72437,-89.86064
23-065-20382,GWINVILLE 25-3 2,,EOG RESOURCES INC,Jefferson Davis County,MS,,31.72412,-89.86438
23-065-20393,GWINVILLE 27-4 1,,EOG RESOURCES INC,Jefferson Davis County,MS,,31.723301,-89.90568
23-065-20404,GWINVILLE 26-12 1,,EOG RESOURCES INC,Jefferson Davis County,MS,,31.71713,-89.88716
23-065-20413,GWINVILLE 23-6 1,,EOG RESOURCES INC,Jefferson Davis County,MS,,31.7363,-89.885061
23-065-20449,GWINVILLE 24-15 1,,EOG RESOURCES INC,Jefferson Davis County,MS,,31.72682,-89.86243
23-065-20452,GWINVILLE 31-13 1,,EOG RESOURCES INC,Jefferson Davis County,MS,,0,0
23-065-20463,GWINVILLE 15-9 2,,EOG RESOURCES INC,Jefferson Davis County,MS,,0,0
23-065-20473,GWINVILLE 1-6 2,,EOG RESOURCES INC,Jefferson Davis County,MS,,0,0
23-065-20486,GWINVILLE 15-4 1,,EOG RESOURCES INC,Jefferson Davis County,MS,,0,0
23-065-20487,GWINVILLE 15-6 1,,EOG RESOURCES INC,Jefferson Davis County,MS,,0,0
23-065-20503,GWINVILLE 1-5 2,,EOG RESOURCES INC,Jefferson Davis County,MS,,0,0
23-065-20528,GWINVILLE 15-14 2,,EOG RESOURCES INC,Jefferson Davis County,MS,,31.74302,-89.90161
23-065-20554,GWINVILLE 31-2 1,,EOG RESOURCES INC,Jefferson Davis County,MS,,0,0
23-065-20555,GWINVILLE 31-3 1,,EOG RESOURCES INC,Jefferson Davis County,MS,,0,0
23-065-20556,GWINVILLE 31-3 2,,EOG RESOURCES INC,Jefferson Davis County,MS,,0,0
23-065-20559,GWINVILLE 30-5 1,,EOG RESOURCES INC,Jefferson Davis County,MS,,0,0
23-065-20575,GWINVILLE 24-16 2,,EOG RESOURCES INC,Jefferson Davis County,MS,,0,0
23-065-20577,GWINVILLE 24-15 2,,EOG RESOURCES INC,Jefferson Davis County,MS,,0,0
23-065-20578,GWINVILLE 30-15 1,,EOG RESOURCES INC,Jefferson Davis County,MS,,0,0
23-065-20579,GWINVILLE 30-12 2,,EOG RESOURCES INC,Jefferson Davis County,MS,,0,0
23-065-20580,GWINVILLE 30-11 1,,EOG RESOURCES INC,Jefferson Davis County,MS,,0,0
23-065-20585,GWINVILLE 36-11 2,,EOG RESOURCES INC,Jefferson Davis County,MS,,0,0
23-065-20605,GWINVILLE 1-7 1,,EOG RESOURCES INC,Jefferson Davis County,MS,,0,0
23-065-20610,GWINVILLE 26-6 2,,EOG RESOURCES INC,Jefferson Davis County,MS,,0,0
23-065-20620,GWINVILLE 24-9 1,,EOG RESOURCES INC,Jefferson Davis County,MS,,0,0
23-065-20621,GWINVILLE 25-3 3,,EOG RESOURCES INC,Jefferson Davis County,MS,,0,0
23-065-20624,GWINVILLE 25-4 2,,EOG RESOURCES INC,Jefferson Davis County,MS,,0,0
23-065-20640,N B SHULER ET AL 1,,EOG RESOURCES INC,Jefferson Davis County,MS,,0,0
23-065-20687,GWINVILLE 1-2 1,,EOG RESOURCES INC,Jefferson Davis County,MS,,0,0
23-065-20694,GWINVILLE 30-15 1,,EOG RESOURCES INC,Jefferson Davis County,MS,,31.713556,-89.847294
23-065-20712,GWINVILLE 15-16 # 2,,EOG RESOURCES INC,Jefferson Davis County,MS,,0,0
23-065-20724,GWINVILLE 23-5 # 2,,EOG RESOURCES INC,Jefferson Davis County,MS,,0,0
23-065-20725,GWINVILLE 23-10 # 2,,EOG RESOURCES INC,Jefferson Davis County,MS,,0,0
23-065-20726,GWINVILLE 36-7 # 2,,EOG RESOURCES INC,Jefferson Davis County,MS,,0,0
23-065-20727,GWINVILLE 36-11 3,,EOG RESOURCES INC,Jefferson Davis County,MS,,0,0
23-065-20728,GWINVILLE 15-5 # 3,,EOG RESOURCES INC,Jefferson Davis County,MS,,0,0
23-065-20730,N. B. SHULER ET AL # 1,,EOG RESOURCES INC,Jefferson Davis County,MS,,0,0
23-065-20733,GWINVILLE 25-10 # 2,,EOG RESOURCES INC,Jefferson Davis County,MS,,0,0
23-065-20768,GWINVILLE 15-15 2,,EOG RESOURCES INC,Jefferson Davis County,MS,,0,0
23-065-20793,GWINVILLE 26-14 2,,EOG RESOURCES INC,Jefferson Davis County,MS,,0,0
23-065-20796,GWINVILLE 19-15 1,,EOG RESOURCES INC,Jefferson Davis County,MS,,0,0
23-065-20799,GWINVILLE 23-5 2,,EOG RESOURCES INC,Jefferson Davis County,MS,,31.734795,-89.887088
23-065-20844,Gwinville 24-2 1,,EOG RESOURCES INC,Jefferson Davis County,MS,,31.737391,-89.859711
23-065-20849,GWINVILLE 26-15 2,,EOG RESOURCES INC,Jefferson Davis County,MS,,0,0
23-065-20853,GWINVILLE 25-4 3,,EOG RESOURCES INC,Jefferson Davis County,MS,,0,0
23-065-20875,GWINVILLE 19-11 1,,EOG RESOURCES INC,Jefferson Davis County,MS,,0,0
23-065-20878,GWINVILLE 10-16 1,,EOG RESOURCES INC,Jefferson Davis County,MS,,0,0
23-065-20896,GWINVILLE 19-8 1,,EOG RESOURCES INC,Jefferson Davis County,MS,,0,0
23-065-20897,GWINVILLE 17-13 1,,EOG RESOURCES INC,Jefferson Davis County,MS,,0,0
23-065-20902,GWINVILLE 25-4 3,,EOG RESOURCES INC,Jefferson Davis County,MS,,31.72491,-89.8698
23-065-20904,GWINVILLE 12-16 1,,EOG RESOURCES INC,Jefferson Davis County,MS,,0,0
23-065-20908,GWINVILLE 29-4 1,,EOG RESOURCES INC,Jefferson Davis County,MS,,0,0
23-065-20909,GWINVILLE 30-2 2,,EOG RESOURCES INC,Jefferson Davis County,MS,,0,0
23-065-20929,GWINVILLE 31-7 2,,EOG RESOURCES INC,Jefferson Davis County,MS,,0,0
23-065-20931,GWINVILLE 31-2 3,,EOG RESOURCES INC,Jefferson Davis County,MS,,0,0
23-065-20942,GWINVILLE 14-2 2,,EOG RESOURCES INC,Jefferson Davis County,MS,,0,0
23-065-20944,GWINVILLE 30-7 2,,EOG RESOURCES INC,Jefferson Davis County,MS,,0,0
23-065-20946,GWINVILLE 23-13 2,,EOG RESOURCES INC,Jefferson Davis County,MS,,0,0
23-065-21004,G. H. 30-4 2,,EOG RESOURCES INC,Jefferson Davis County,MS,,0,0
23-065-21006,GH 25-10 4,,EOG RESOURCES INC,Jefferson Davis County,MS,,0,0
23-065-21014,GH 23-15 3,,EOG RESOURCES INC,Jefferson Davis County,MS,,0,0
23-065-21015,THOMPSON 4-1 1,,EOG RESOURCES INC,Jefferson Davis County,MS,,31.51874,-89.60636
23-065-21019,GH 25-10 5,,EOG RESOURCES INC,Jefferson Davis County,MS,,0,0
23-065-21020,GH 23-15 4,,EOG RESOURCES INC,Jefferson Davis County,MS,,0,0
23-065-21023,GH 30-4 2,,EOG RESOURCES INC,Jefferson Davis County,MS,,0,0
23-065-21024,GH 25-10 4,,EOG RESOURCES INC,Jefferson Davis County,MS,,0,0
23-065-21028,Carraway 20-14 1,,EOG RESOURCES INC,Jefferson Davis County,MS,,31.55317,-89.63115
23-065-21042,GWINVILLE 30-4 2,,EOG RESOURCES INC,Jefferson Davis County,MS,,0,0
23-065-21044,HATHORN 19-9 1,,EOG RESOURCES INC,Jefferson Davis County,MS,,0,0
23-065-21045,DYKES 29-10 1,,EOG RESOURCES INC,Jefferson Davis County,MS,,0,0
23-065-21057,HATHORN 19-9 1,,EOG RESOURCES INC,Jefferson Davis County,MS,,31.55592,-89.6403
23-065-21058,GH 30-4 2,,EOG RESOURCES INC,Jefferson Davis County,MS,,0,0
23-065-21059,DYKES 29-10 1,,EOG RESOURCES INC,Jefferson Davis County,MS,,31.54115,-89.62687
23-065-21067,FLAME ROYALTIES 34-9 1,,EOG RESOURCES INC,Jefferson Davis County,MS,,31.52639,-89.69157
23-065-21071,GH 31-4 2,,EOG RESOURCES INC,Jefferson Davis County,MS,,0,0
23-065-21072,LUCAS 18-7 1,,EOG RESOURCES INC,Jefferson Davis County,MS,,0,0
23-065-21073,DOVIE DEEN 28-16 1,,EOG RESOURCES INC,Jefferson Davis County,MS,,0,0
23-065-21078,GH 14-12 5,,EOG RESOURCES INC,Jefferson Davis County,MS,,0,0
23-065-21079,GH 24-10 2,,EOG RESOURCES INC,Jefferson Davis County,MS,,0,0
23-065-21083,GH 25-11 3,,EOG RESOURCES INC,Jefferson Davis County,MS,,0,0
23-065-21087,GH 30-2 3,,EOG RESOURCES INC,Jefferson Davis County,MS,,0,0
23-065-21094,GH 15-16 3,,EOG RESOURCES INC,Jefferson Davis County,MS,,0,0
23-065-21095,GH 25-11 4,,EOG RESOURCES INC,Jefferson Davis County,MS,,0,0
23-065-21100,GH 14-6 3,,EOG RESOURCES INC,Jefferson Davis County,MS,,0,0
23-065-21104,GH 25-11 3,,EOG RESOURCES INC,Jefferson Davis County,MS,,0,0
23-065-21105,GH 24-10 2,,EOG RESOURCES INC,Jefferson Davis County,MS,,0,0
23-065-21106,GH 9-16 2,,EOG RESOURCES INC,Jefferson Davis County,MS,,0,0
23-065-21108,GH 29-15 2,,EOG RESOURCES INC,Jefferson Davis County,MS,,0,0
23-065-21111,GH 9-14 1,,EOG RESOURCES INC,Jefferson Davis County,MS,,0,0
23-065-21112,GH 10-14 1,,EOG RESOURCES INC,Jefferson Davis County,MS,,0,0
23-065-21116,GH 19-15 1,,EOG RESOURCES INC,Jefferson Davis County,MS,,0,0
23-065-21117,GH 9-16 2,,EOG RESOURCES INC,Jefferson Davis County,MS,,0,0
23-067-20512,Marian Walker 1,,EOG RESOURCES INC,Jones County,MS,,31.597124,-89.035522
23-067-20520,CHEEKS FAMILY TRUST 2,,EOG RESOURCES INC,Jones County,MS,,31.5936,-89.2733
23-067-20522,Tormin Inc. 11-1 1,,EOG RESOURCES INC,Jones County,MS,,31.591601,-89.268001
23-073-20531,Oakvale 9-11 1,,EOG RESOURCES INC,Lamar County,MS,,31.40974,-89.61527
23-077-20115,L T WALKER 1,,EOG RESOURCES INC,Lawrence County,MS,,31.6496,-89.979611
23-077-20116,TORMIN INC 1,,EOG RESOURCES INC,Lawrence County,MS,,0,0
23-077-20133,SUTTON 14-1 1,,EOG RESOURCES INC,Lawrence County,MS,,31.57798,-89.97692
23-077-20134,WEYCO 14-16 1,,EOG RESOURCES INC,Lawrence County,MS,,0,0
23-077-20136,CRYMES GEORGE PITTMAN 14-10 1,,EOG RESOURCES INC,Lawrence County,MS,,31.5701,-90.08458
23-077-20138,TYRONE 14-2 1,,EOG RESOURCES INC,Lawrence County,MS,,0,0
23-077-20139,SELMAN 10-12 1,,EOG RESOURCES INC,Lawrence County,MS,,0,0
23-089-20132,HANNON 36-11 1,,EOG RESOURCES INC,Madison County,MS,,0,0
23-091-20313,DENMISS 19-9 1,,EOG RESOURCES INC,Marion County,MS,,31.29675,-89.92249
23-091-20320,CTC 20-9 1,,EOG RESOURCES INC,Marion County,MS,,31.29795,-89.90818
23-091-20400,MARY R. LOWRY 4-12 1,,EOG RESOURCES INC,Marion County,MS,,0,0
23-091-20410,MARY R. LOWRY 4-12 1,,EOG RESOURCES INC,Marion County,MS,,31.33838,-89.92262
23-091-20498,CONERLY 17-7 1,,EOG RESOURCES INC,Marion County,MS,,0,0
23-091-20501,BOURNE 18-7 1,,EOG RESOURCES INC,Marion County,MS,,0,0
23-091-20515,COLUMBIA BOE 16-15 1,,EOG RESOURCES INC,Marion County,MS,,0,0
23-091-20519,JONES 17-15 1,,EOG RESOURCES INC,Marion County,MS,,0,0
23-091-20520,COLUMBIA-BOE 16-13 1,,EOG RESOURCES INC,Marion County,MS,,31.30402,-89.81991
23-091-20521,FORTENBERRY TRUST 20-3 1,,EOG RESOURCES INC,Marion County,MS,,0,0
23-091-20522,FORTENBERRY LANDS 18-16 1,,EOG RESOURCES INC,Marion County,MS,,0,0
23-091-20523,WILLIAMS 17-1 1,,EOG RESOURCES INC,Marion County,MS,,0,0
23-091-20529,RILEY 19-4 1,,EOG RESOURCES INC,Marion County,MS,,31.30166,-89.75492
23-127-20194,James Sykes Jr. 1,,EOG RESOURCES INC,Simpson County,MS,,31.93102,-89.93162
23-127-20203,Sumrall 1,,EOG RESOURCES INC,Simpson County,MS,,31.930601,-89.92454
23-127-20206,Kathy Sykes 1,,EOG RESOURCES INC,Simpson County,MS,,31.93724,-89.93175
23-127-20207,Bell 1,,EOG RESOURCES INC,Simpson County,MS,,31.93686,-89.90516
23-127-20208,Cox 1,,EOG RESOURCES INC,Simpson County,MS,,31.90224,-89.91903
23-127-20210,Timms 1,,EOG RESOURCES INC,Simpson County,MS,,31.90832,-89.91337
23-127-20216,Nannie Lou Crawford 1,,EOG RESOURCES INC,Simpson County,MS,,31.91947,-89.93917
23-127-20232,Grace W. Clayton 1,,EOG RESOURCES INC,Simpson County,MS,,31.93263,-89.91254
23-127-20235,JACKIE E. DUCKWORTH 1,,EOG RESOURCES INC,Simpson County,MS,,0,0
23-127-20236,Evelyn C. Roberts 1,,EOG RESOURCES INC,Simpson County,MS,,31.87833,-89.67155
23-127-20238,Randall M. Adcox 2,,EOG RESOURCES INC,Simpson County,MS,,0,0
23-127-20240,JACKIE E. DUCKWORTH 1,,EOG RESOURCES INC,Simpson County,MS,,0,0
23-127-20241,RANDALL M ADCOX 2,,EOG RESOURCES INC,Simpson County,MS,,0,0
23-127-20249,RANDALL M. ADCOX 3,,EOG RESOURCES INC,Simpson County,MS,,0,0
23-127-20250,RANDALL M. ADCOX 3,,EOG RESOURCES INC,Simpson County,MS,,0,0
23-129-20279,H. T. Allen 1,,EOG RESOURCES INC,Smith County,MS,,31.84896,-89.61497
23-129-20282,Lewis Byrd 1,,EOG RESOURCES INC,Smith County,MS,,31.84544,-89.62189
23-129-20285,W.E. Walker 1,,EOG RESOURCES INC,Smith County,MS,,31.87632,-89.638989
23-147-20201,McDonald 1,,EOG RESOURCES INC,Walthall County,MS,,31.202976,-90.060336
23-163-20308,McGRAW 4-14 1,,EOG RESOURCES INC,Yazoo County,MS,,0,0
23-163-20324,POTTER 10-12 1,,EOG RESOURCES INC,Yazoo County,MS,,0,0
23-163-20325,HORNBACK 5-13 1,,EOG RESOURCES INC,Yazoo County,MS,,0,0
23-163-20326,WEBSTER 7-1 1,,EOG RESOURCES INC,Yazoo County,MS,,0,0
23-163-20330,ASHLEY 8-3 1,,EOG RESOURCES INC,Yazoo County,MS,,0,0
30-015-23961,ANDERSON CS STATE 002,323232,EOG RESOURCES INC,Eddy County,NM,,32.745789,-104.556892
30-015-24002,MESCAL SE FEDERAL 001,324178,EOG RESOURCES INC,Eddy County,NM,,32.483704,-104.743263
30-015-24028,NORTH TURKEY TRACK MU FED. 002,324264,EOG RESOURCES INC,Eddy County,NM,,32.70575,-104.069046
30-015-24073,SHERELL SR COM 001,324533,EOG RESOURCES INC,Eddy County,NM,,32.790226,-104.410896
30-015-24095,OAKASON NV FEDERAL 003,324272,EOG RESOURCES INC,Eddy County,NM,,32.619133,-104.572662
30-015-24096,EMMA QE COM 002,323695,EOG RESOURCES INC,Eddy County,NM,,32.641174,-104.590981
30-015-24115,HOLLY 5 FEDERAL COM 001,27038,EOG RESOURCES INC,Eddy County,NM,,32.771324,-103.991997
30-015-24122,NEW MEXICO DE STATE COM 001,324241,EOG RESOURCES INC,Eddy County,NM,,32.65165,-104.630051
30-015-24133,ALLISON CQ FEDERAL 009,323213,EOG RESOURCES INC,Eddy County,NM,,32.665813,-104.580452
30-015-24148,FEDERAL BF COM 001,27027,EOG RESOURCES INC,Eddy County,NM,,32.016087,-103.905655
30-015-24212,DONEGAN CE 002,323640,EOG RESOURCES INC,Eddy County,NM,,32.805622,-104.487282
30-015-24245,HOLLY 4 FEDERAL COM 001,22504,EOG RESOURCES INC,Eddy County,NM,,32.771034,-103.979111
30-015-24298,HOLLY 8 FEDERAL COM 001,27036,EOG RESOURCES INC,Eddy County,NM,,32.76379,-103.992004
30-015-24310,EAGLE CREEK BL 003,323656,EOG RESOURCES INC,Eddy County,NM,,32.816296,-104.456963
30-015-24322,INGRAM JACKSON BV 010,323945,EOG RESOURCES INC,Eddy County,NM,,32.812717,-104.465584
30-015-24323,JACKSON ESTATE BY 016,323960,EOG RESOURCES INC,Eddy County,NM,,32.821846,-104.480888
30-015-24352,LOVING 36 STATE 001,4062,EOG RESOURCES INC,Eddy County,NM,,32.256062,-104.145836
30-015-24370,FEDERAL CB COM 003,323734,EOG RESOURCES INC,Eddy County,NM,,32.829979,-104.47551
30-015-24394,EAGLE CREEK BL 004,323656,EOG RESOURCES INC,Eddy County,NM,,32.814495,-104.459129
30-015-24396,ACHEN FREY DM 010,323193,EOG RESOURCES INC,Eddy County,NM,,32.832565,-104.446121
30-015-24422,AMIGO WT STATE 001,323223,EOG RESOURCES INC,Eddy County,NM,,32.65966,-104.290314
30-015-24435,MORRIS ESTATE CC 007,324218,EOG RESOURCES INC,Eddy County,NM,,32.829025,-104.467598
30-015-24534,EASTERN SHORE XM FEDERAL COM 001,323671,EOG RESOURCES INC,Eddy County,NM,,32.68428,-104.300049
30-015-24536,ACHEN FREY DM 011,323193,EOG RESOURCES INC,Eddy County,NM,,32.834389,-104.44828
30-015-24542,JACKSON ESTATE BY 018,323960,EOG RESOURCES INC,Eddy County,NM,,32.82362,-104.474449
30-015-24635,CHUMBLEY XS COM 001,323506,EOG RESOURCES INC,Eddy County,NM,,32.763996,-104.401917
30-015-24657,STONEWALL EP STATE 006,324629,EOG RESOURCES INC,Eddy County,NM,,32.548962,-104.219414
30-015-24722,SLINKARD UR FEDERAL COM 002,324554,EOG RESOURCES INC,Eddy County,NM,,32.58976,-104.047905
30-015-24737,NELSON FEDERAL 008,4078,EOG RESOURCES INC,Eddy County,NM,,32.781643,-103.961136
30-015-24747,LITTLE BOX CANYON AOX FEDERAL 001,324082,EOG RESOURCES INC,Eddy County,NM,,32.487557,-104.743752
30-015-24795,WILLIAMSON BC 005,324799,EOG RESOURCES INC,Eddy County,NM,,32.568932,-104.095116
30-015-24906,TORRINGTON ZK 001,324693,EOG RESOURCES INC,Eddy County,NM,,32.76067,-104.402649
30-015-24931,GATES AAC 001,323804,EOG RESOURCES INC,Eddy County,NM,,32.737885,-104.370819
30-015-24939,WRIGHT JA 005,324827,EOG RESOURCES INC,Eddy County,NM,,32.70697,-104.371018
30-015-24964,ANTHILL AAK STATE 001,323237,EOG RESOURCES INC,Eddy County,NM,,32.597012,-104.044128
30-015-24983,HOLLY 8A FEDERAL COM 001,27024,EOG RESOURCES INC,Eddy County,NM,,32.760181,-103.99736
30-015-25028,COLE AAE COM 001,323527,EOG RESOURCES INC,Eddy County,NM,,32.775215,-104.401901
30-015-25029,NORTH SQUARE LAKE UNIT 106,336583,EOG RESOURCES INC,Eddy County,NM,,32.884403,-103.891007
30-015-25036,TANQUE ROJO AAT STATE 001,324662,EOG RESOURCES INC,Eddy County,NM,,32.673489,-104.656845
30-015-25061,WILLIAMS 009,324798,EOG RESOURCES INC,Eddy County,NM,,32.720451,-104.332306
30-015-25065,EAST MILLMAN 13 FEDERAL COM 001,27030,EOG RESOURCES INC,Eddy County,NM,,32.656651,-104.129921
30-015-25076,NELSON 3 FEDERAL 009,4077,EOG RESOURCES INC,Eddy County,NM,,32.77467,-103.957657
30-015-25101,NIX GP 002,324254,EOG RESOURCES INC,Eddy County,NM,,32.726948,-104.366653
30-015-25102,GATES AAC 002,323804,EOG RESOURCES INC,Eddy County,NM,,32.737892,-104.375114
30-015-25145,HINKLE FEDERAL 005,22053,EOG RESOURCES INC,Eddy County,NM,,32.935345,-104.070168
30-015-25192,WOODCHUCK ABW STATE COM 001,324824,EOG RESOURCES INC,Eddy County,NM,,32.834026,-104.13205
30-015-25206,EAST MILLMAN 12 STATE COM 001,27032,EOG RESOURCES INC,Eddy County,NM,,32.670292,-104.13179
30-015-25222,GISSLER B 019,323823,EOG RESOURCES INC,Eddy County,NM,,32.847218,-103.935776
30-015-25224,GISSLER B 018,323823,EOG RESOURCES INC,Eddy County,NM,,32.847221,-103.940567
30-015-25249,BOX ACH COM # 1 001,323381,EOG RESOURCES INC,Eddy County,NM,,32.775204,-104.393303
30-015-25272,NEW MEXICO ES STATE COM 001,324242,EOG RESOURCES INC,Eddy County,NM,,32.670189,-104.625641
30-015-25286,ALTWEIN FEDERAL COM 001,323219,EOG RESOURCES INC,Eddy County,NM,,32.677158,-104.647232
30-015-25287,DEER CANYON SOUTH ACK FEDERAL COM 001,323613,EOG RESOURCES INC,Eddy County,NM,,32.529491,-104.771401
30-015-25299,SPITFIRE 19 001,29073,EOG RESOURCES INC,Eddy County,NM,,32.030014,-103.81118
30-015-25367,AMOCO QT FEDERAL 002,323224,EOG RESOURCES INC,Eddy County,NM,,32.626556,-104.60392
30-015-25404,ALTWEIN B FEDERAL COM 001,323218,EOG RESOURCES INC,Eddy County,NM,,32.669872,-104.647141
30-015-25455,SPITFIRE 18 001,325137,EOG RESOURCES INC,Eddy County,NM,,32.037243,-103.811165
30-015-25630,MOLLY QD COM 001,324209,EOG RESOURCES INC,Eddy County,NM,,32.655602,-104.535149
30-015-25665,COMPROMISE SWD 001,323536,EOG RESOURCES INC,Eddy County,NM,,32.720497,-104.312042
30-015-25676,WHITE IU 003,324791,EOG RESOURCES INC,Eddy County,NM,,32.717918,-104.381676
30-015-25677,WHITE IU 002,324791,EOG RESOURCES INC,Eddy County,NM,,32.714275,-104.379547
30-015-25787,NDDUP UNIT 127,324232,EOG RESOURCES INC,Eddy County,NM,,32.63007,-104.526428
30-015-25812,HARKEY 35 STATE 001,323879,EOG RESOURCES INC,Eddy County,NM,,32.172535,-104.158989
30-015-25848,RICHARD KNOB AEX STATE 001,324420,EOG RESOURCES INC,Eddy County,NM,,32.793881,-104.574234
30-015-25866,PAULINE ALB STATE 006,324319,EOG RESOURCES INC,Eddy County,NM,,32.25909,-103.797684
30-015-25896,KUDU AFM STATE COM 001,324034,EOG RESOURCES INC,Eddy County,NM,,32.673912,-104.573914
30-015-25916,INEX 003,323943,EOG RESOURCES INC,Eddy County,NM,,32.724155,-104.346352
30-015-25926,STATE CO COM 003,324610,EOG RESOURCES INC,Eddy County,NM,,32.622883,-104.547791
30-015-25987,GISSLER B(A-2) 027,323824,EOG RESOURCES INC,Eddy County,NM,,32.847214,-103.931885
30-015-25988,GISSLER B(A-2) 028,323824,EOG RESOURCES INC,Eddy County,NM,,32.847199,-103.927478
30-015-26038,SLINKARD UR FEDERAL 003,324553,EOG RESOURCES INC,Eddy County,NM,,32.586109,-104.033966
30-015-26047,CACTI AGB STATE COM 001,323429,EOG RESOURCES INC,Eddy County,NM,,32.601112,-104.557404
30-015-26048,DINERO EXXON 22 STATE 001,323186,EOG RESOURCES INC,Eddy County,NM,,32.470154,-104.376541
30-015-26065,PIERRE AGF STATE COM 001,324347,EOG RESOURCES INC,Eddy County,NM,,32.723846,-104.242828
30-015-26071,CHOLLA AGE FEDERAL 001,323502,EOG RESOURCES INC,Eddy County,NM,,32.601376,-104.569611
30-015-26073,RICHARD KNOB AEX STATE 002,324420,EOG RESOURCES INC,Eddy County,NM,,32.790234,-104.578568
30-015-26096,RODEN GD FEDERAL 003,324443,EOG RESOURCES INC,Eddy County,NM,,32.648373,-104.543755
30-015-26118,PARISH IV COM 002,324302,EOG RESOURCES INC,Eddy County,NM,,32.633823,-104.56086
30-015-26119,DINERO EXXON 22 STATE 002,323186,EOG RESOURCES INC,Eddy County,NM,,32.469254,-104.379746
30-015-26133,CONOCO AGK FEDERAL COM 001,323545,EOG RESOURCES INC,Eddy County,NM,,32.593849,-104.561119
30-015-26138,CARL TP COM 001,323451,EOG RESOURCES INC,Eddy County,NM,,32.557278,-104.569794
30-015-26180,DINERO EXXON PARDUE FARMS 001,323187,EOG RESOURCES INC,Eddy County,NM,,32.466526,-104.375458
30-015-26184,PARISH IV COM 003,324302,EOG RESOURCES INC,Eddy County,NM,,32.633808,-104.543625
30-015-26189,ENG TX FEDERAL COM 002,323698,EOG RESOURCES INC,Eddy County,NM,,32.626514,-104.560844
30-015-26226,CLIFFORD ADD 001,323519,EOG RESOURCES INC,Eddy County,NM,,32.611942,-104.552208
30-015-26247,SOSA FEDERAL 002,324570,EOG RESOURCES INC,Eddy County,NM,,32.036041,-103.965241
30-015-26265,DAGGER ZW 002,323583,EOG RESOURCES INC,Eddy County,NM,,32.630135,-104.535004
30-015-26269,EAST TURKEY TRACK FEDERAL COM 001,323160,EOG RESOURCES INC,Eddy County,NM,,32.731148,-104.047554
30-015-26272,SAND DUNE STATE 001,323159,EOG RESOURCES INC,Eddy County,NM,,32.673279,-104.04773
30-015-26297,ROY AET 002,324459,EOG RESOURCES INC,Eddy County,NM,,32.670315,-104.513283
30-015-26299,COOPER AHH 001,323550,EOG RESOURCES INC,Eddy County,NM,,32.605579,-104.544754
30-015-26303,HUISACHE AH1 STATE 001,323922,EOG RESOURCES INC,Eddy County,NM,,32.604683,-104.552269
30-015-26311,SAND DUNE STATE 003,323159,EOG RESOURCES INC,Eddy County,NM,,32.67326,-104.043373
30-015-26338,OCOTILLO ACI FED 001,324276,EOG RESOURCES INC,Eddy County,NM,,32.593842,-104.569695
30-015-26342,CENIZA AGZ COM 001,323470,EOG RESOURCES INC,Eddy County,NM,,32.597488,-104.552345
30-015-26354,GAZELLE AHG FEDERAL COM 001,323806,EOG RESOURCES INC,Eddy County,NM,,32.574535,-104.067764
30-015-26381,SARA AHA 002,324500,EOG RESOURCES INC,Eddy County,NM,,32.575596,-104.569717
30-015-26382,MEDANO VA STATE 002,324163,EOG RESOURCES INC,Eddy County,NM,,32.306248,-103.789208
30-015-26383,ALGERITA AHR STATE 001,323207,EOG RESOURCES INC,Eddy County,NM,,32.575588,-104.586968
30-015-26401,SAND DUNE STATE 005,323159,EOG RESOURCES INC,Eddy County,NM,,32.670555,-104.047714
30-015-26441,GAZELLE AHG FEDERAL COM 002,323806,EOG RESOURCES INC,Eddy County,NM,,32.568955,-104.071549
30-015-26454,FOSTER AN 002,323780,EOG RESOURCES INC,Eddy County,NM,,32.608288,-104.539276
30-015-26467,CENIZA AGZ COM 003,323470,EOG RESOURCES INC,Eddy County,NM,,32.575588,-104.548134
30-015-26468,JOHN AGU 002,323977,EOG RESOURCES INC,Eddy County,NM,,32.579227,-104.552399
30-015-26476,SAND DUNE STATE 006,323159,EOG RESOURCES INC,Eddy County,NM,,32.673298,-104.052017
30-015-26477,SAND DUNE STATE 007,323159,EOG RESOURCES INC,Eddy County,NM,,32.66967,-104.052002
30-015-26489,NDDUP UNIT 105,324232,EOG RESOURCES INC,Eddy County,NM,,32.63377,-104.530708
30-015-26497,LOVING AIB STATE 002,324106,EOG RESOURCES INC,Eddy County,NM,,32.303768,-104.09034
30-015-26498,WINSTON AII 001,324813,EOG RESOURCES INC,Eddy County,NM,,32.662956,-104.565292
30-015-26543,SARA AHA COM 004,324501,EOG RESOURCES INC,Eddy County,NM,,32.582859,-104.556679
30-015-26548,DOLORES AIL FEDERAL 002,323636,EOG RESOURCES INC,Eddy County,NM,,32.389671,-103.741463
30-015-26549,MARTHA AIK FEDERAL 001,324144,EOG RESOURCES INC,Eddy County,NM,,32.399674,-103.741455
30-015-26562,ROY SWD 003,324461,EOG RESOURCES INC,Eddy County,NM,,32.670593,-104.517731
30-015-26584,LOST TANK AIS STATE 001,324100,EOG RESOURCES INC,Eddy County,NM,,32.433266,-103.72506
30-015-26585,LOST TANK AIS STATE 002,324100,EOG RESOURCES INC,Eddy County,NM,,32.429638,-103.72934
30-015-26591,MEDANO VA STATE 003,324163,EOG RESOURCES INC,Eddy County,NM,,32.305336,-103.786003
30-015-26623,DEE 36 SE STATE 003,323609,EOG RESOURCES INC,Eddy County,NM,,32.614639,-104.539276
30-015-26630,COTTON DRAW AJT FEDERAL 001,323560,EOG RESOURCES INC,Eddy County,NM,,32.204643,-103.75499
30-015-26632,JUDITH AIJ FEDERAL 001,323990,EOG RESOURCES INC,Eddy County,NM,,32.582573,-104.586617
30-015-26633,MEDANO VA STATE 004,324163,EOG RESOURCES INC,Eddy County,NM,,32.30262,-103.789208
30-015-26635,LODEWICK A 002,324092,EOG RESOURCES INC,Eddy County,NM,,32.649239,-104.530815
30-015-26647,WAYFARER AIY STATE 001,324767,EOG RESOURCES INC,Eddy County,NM,,32.626907,-104.021988
30-015-26650,MARTHA AIK FEDERAL 002,324144,EOG RESOURCES INC,Eddy County,NM,,32.404209,-103.741127
30-015-26662,DAGGER DRAW 010,323581,EOG RESOURCES INC,Eddy County,NM,,32.641029,-104.530724
30-015-26669,HUISACHE AHI STATE COM 002,323923,EOG RESOURCES INC,Eddy County,NM,,32.600773,-104.552307
30-015-26670,CLIFFORD ADD 002,323519,EOG RESOURCES INC,Eddy County,NM,,32.61557,-104.552208
30-015-26671,DEE 36 SE STATE 005,323609,EOG RESOURCES INC,Eddy County,NM,,32.612816,-104.536057
30-015-26672,CONOCO 001,323542,EOG RESOURCES INC,Eddy County,NM,,32.666416,-104.517731
30-015-26693,COOPER AHH 002,323550,EOG RESOURCES INC,Eddy County,NM,,32.604679,-104.547981
30-015-26698,UNOCAL AH U FEDERAL 001,324726,EOG RESOURCES INC,Eddy County,NM,,32.426006,-103.72934
30-015-26708,MOLLY QD COM 002,324209,EOG RESOURCES INC,Eddy County,NM,,32.658325,-104.535133
30-015-26715,LOST TANK AIS STATE 004,324100,EOG RESOURCES INC,Eddy County,NM,,32.433266,-103.733612
30-015-26716,LOST TANK AIS STATE 005,324100,EOG RESOURCES INC,Eddy County,NM,,32.429638,-103.737892
30-015-26720,ALBERT AJH 001,323204,EOG RESOURCES INC,Eddy County,NM,,32.557301,-104.59935
30-015-26722,DOLORES AIL FEDERAL 003,323636,EOG RESOURCES INC,Eddy County,NM,,32.393322,-103.741455
30-015-26723,MARTHA AIK FEDERAL 003,324144,EOG RESOURCES INC,Eddy County,NM,,32.400578,-103.745407
30-015-26724,MARTHA AIK FEDERAL 004,324144,EOG RESOURCES INC,Eddy County,NM,,32.404205,-103.745407
30-015-26729,MARY AIV STATE 003,324145,EOG RESOURCES INC,Eddy County,NM,,32.440529,-103.729332
30-015-26738,PRICKLY PEAR AIE FEDERAL 001,324371,EOG RESOURCES INC,Eddy County,NM,,32.554558,-104.553597
30-015-26760,MARY AIV STATE 005,324145,EOG RESOURCES INC,Eddy County,NM,,32.441437,-103.725052
30-015-26762,SLINKARD UR FEDERAL COM 004,324554,EOG RESOURCES INC,Eddy County,NM,,32.593357,-104.030731
30-015-26770,ROSS EG FEDERAL 004,324454,EOG RESOURCES INC,Eddy County,NM,,32.648281,-104.513397
30-015-26777,WOLF AJA FEDERAL 004,324818,EOG RESOURCES INC,Eddy County,NM,,32.447784,-103.723984
30-015-26794,LOST TANK AIS STATE 008,324100,EOG RESOURCES INC,Eddy County,NM,,32.429634,-103.72506
30-015-26816,WOLF AJA FEDERAL 005,324818,EOG RESOURCES INC,Eddy County,NM,,32.45142,-103.723984
30-015-26817,WOLF AJA FEDERAL 007,324818,EOG RESOURCES INC,Eddy County,NM,,32.458679,-103.723984
30-015-26824,THOMAS AJJ DEEP COM 003,324678,EOG RESOURCES INC,Eddy County,NM,,32.673813,-104.504814
30-015-26861,JOHN AGU 005,323977,EOG RESOURCES INC,Eddy County,NM,,32.575596,-104.56115
30-015-26873,FOXTAIL AJX FEDERAL COM 001,323789,EOG RESOURCES INC,Eddy County,NM,,32.597473,-104.548058
30-015-26875,GRAHAM AKB STATE 001,323838,EOG RESOURCES INC,Eddy County,NM,,32.426006,-103.741104
30-015-26876,GRAHAM AKB STATE 002,323838,EOG RESOURCES INC,Eddy County,NM,,32.422379,-103.741112
30-015-26879,CANDELILLA AKD STATE COM 001,323437,EOG RESOURCES INC,Eddy County,NM,,32.597485,-104.555557
30-015-26906,GLIDER AKG STATE 001,323827,EOG RESOURCES INC,Eddy County,NM,,32.482014,-104.214157
30-015-26907,FEDERAL FC COM 002H,323747,EOG RESOURCES INC,Eddy County,NM,,32.553886,-104.548241
30-015-26912,CATCLAW AGM STATE COM 003,323465,EOG RESOURCES INC,Eddy County,NM,,32.604683,-104.556557
30-015-26913,CATCLAW AGM STATE COM 004,323465,EOG RESOURCES INC,Eddy County,NM,,32.608311,-104.552231
30-015-26914,FOSTER AN 003,323780,EOG RESOURCES INC,Eddy County,NM,,32.608276,-104.534988
30-015-26915,FOSTER AN 004,323780,EOG RESOURCES INC,Eddy County,NM,,32.597435,-104.54377
30-015-26936,CHAROLETTE MCKAY FEDERAL COM 004,323489,EOG RESOURCES INC,Eddy County,NM,,32.546352,-104.548271
30-015-26945,ROSS EG FEDERAL COM 007,324455,EOG RESOURCES INC,Eddy County,NM,,32.648281,-104.50911
30-015-26953,CONOCO AGK FEDERAL COM 010,323545,EOG RESOURCES INC,Eddy County,NM,,32.586231,-104.556046
30-015-26960,MARTHA AIK FEDERAL 006,324144,EOG RESOURCES INC,Eddy County,NM,,32.411495,-103.741119
30-015-26961,CANDELILLA AKD STATE COM 002,323437,EOG RESOURCES INC,Eddy County,NM,,32.597477,-104.561089
30-015-26969,CEDAR LAKE 35 FEDERAL COM 001,4044,EOG RESOURCES INC,Eddy County,NM,,32.794876,-103.940491
30-015-26973,FLORA AKF STATE 001,323775,EOG RESOURCES INC,Eddy County,NM,,32.415104,-103.749672
30-015-26974,FLORA AKF STATE 002,323775,EOG RESOURCES INC,Eddy County,NM,,32.418732,-103.749672
30-015-26980,DEE 36 SE STATE 006,323609,EOG RESOURCES INC,Eddy County,NM,,32.615128,-104.535736
30-015-27001,BONNEVILLE AKK STATE 002,323369,EOG RESOURCES INC,Eddy County,NM,,32.458679,-103.723557
30-015-27012,DAGGER DRAW COM 012,327183,EOG RESOURCES INC,Eddy County,NM,,32.632805,-104.521355
30-015-27016,PAULINE ALB STATE 001,324319,EOG RESOURCES INC,Eddy County,NM,,32.25909,-103.793419
30-015-27017,PAULINE ALB STATE 002,324319,EOG RESOURCES INC,Eddy County,NM,,32.255463,-103.793411
30-015-27019,PAULINE ALB STATE 004,324319,EOG RESOURCES INC,Eddy County,NM,,32.259094,-103.801949
30-015-27021,MEDANO VA STATE 005,324163,EOG RESOURCES INC,Eddy County,NM,,32.298992,-103.7892
30-015-27022,MEDANO VA STATE 006,324163,EOG RESOURCES INC,Eddy County,NM,,32.29808,-103.784927
30-015-27027,JOHN AGU 006,323977,EOG RESOURCES INC,Eddy County,NM,,32.57909,-104.556686
30-015-27047,JULIE 002,323993,EOG RESOURCES INC,Eddy County,NM,,32.666554,-104.504814
30-015-27079,FOUNDATION ALO FEDERAL COM 001,323783,EOG RESOURCES INC,Eddy County,NM,,32.585953,-103.940758
30-015-27086,DIAMOND AKI FEDERAL 001,323623,EOG RESOURCES INC,Eddy County,NM,,32.523678,-104.577644
30-015-27155,PAULINE ALB STATE 007,324319,EOG RESOURCES INC,Eddy County,NM,,32.255467,-103.806221
30-015-27156,PAULINE ALB STATE 008,324319,EOG RESOURCES INC,Eddy County,NM,,32.259094,-103.806221
30-015-27184,OCOTILLO ACI FED 002,324276,EOG RESOURCES INC,Eddy County,NM,,32.582851,-104.569702
30-015-27186,PRESTON FEDERAL 005,324370,EOG RESOURCES INC,Eddy County,NM,,32.525005,-104.573654
30-015-27190,CONTINENTAL A STATE 010,323169,EOG RESOURCES INC,Eddy County,NM,,32.669693,-104.05629
30-015-27191,CONTINENTAL A STATE 011,323169,EOG RESOURCES INC,Eddy County,NM,,32.668816,-104.060577
30-015-27221,DEE 36 SW STATE 004,323611,EOG RESOURCES INC,Eddy County,NM,,32.615559,-104.54422
30-015-27241,ADELINE ALN FEDERAL 002,323198,EOG RESOURCES INC,Eddy County,NM,,32.251835,-103.810814
30-015-27244,ADELINE ALN FEDERAL 003,323198,EOG RESOURCES INC,Eddy County,NM,,32.251839,-103.814766
30-015-27249,ADELINE ALN FEDERAL 008,323198,EOG RESOURCES INC,Eddy County,NM,,32.248207,-103.810501
30-015-27250,ADELINE ALN FEDERAL 009,323198,EOG RESOURCES INC,Eddy County,NM,,32.244564,-103.809441
30-015-27263,LILY ALY FEDERAL 002,324077,EOG RESOURCES INC,Eddy County,NM,,32.251827,-103.763519
30-015-27270,PURE GOLD B FEDERAL 002,4088,EOG RESOURCES INC,Eddy County,NM,,32.297215,-103.798164
30-015-27275,LILY ALY FEDERAL 005,324077,EOG RESOURCES INC,Eddy County,NM,,32.245483,-103.76033
30-015-27276,LILY ALY FEDERAL 006,324077,EOG RESOURCES INC,Eddy County,NM,,32.24548,-103.764603
30-015-27277,LILY ALY FEDERAL 007,324077,EOG RESOURCES INC,Eddy County,NM,,32.241852,-103.76461
30-015-27278,LILY ALY FEDERAL 008,324077,EOG RESOURCES INC,Eddy County,NM,,32.241856,-103.760338
30-015-27280,ADELINE ALN FEDERAL 016,323198,EOG RESOURCES INC,Eddy County,NM,,32.240936,-103.809448
30-015-27281,ADELINE ALN FEDERAL 017,323198,EOG RESOURCES INC,Eddy County,NM,,32.240936,-103.806244
30-015-27313,BANDANA BNA FEDERAL 001,323283,EOG RESOURCES INC,Eddy County,NM,,32.377285,-104.514008
30-015-27320,MEDANO VA STATE 012,324163,EOG RESOURCES INC,Eddy County,NM,,32.307144,-103.781715
30-015-27323,MEDANO VA STATE 015,324163,EOG RESOURCES INC,Eddy County,NM,,32.309864,-103.780647
30-015-34789,CREEK AL FEDERAL 016A,323570,EOG RESOURCES INC,Eddy County,NM,,32.728443,-103.922722
30-015-34798,SEINE B 6 FEE 001C,35612,EOG RESOURCES INC,Eddy County,NM,,32.952848,-104.517018
30-015-34799,SEINE B 6 FEE 002C,35612,EOG RESOURCES INC,Eddy County,NM,,32.958682,-104.516992
30-015-34811,ZINGARO ANG FEDERAL 003Q,324855,EOG RESOURCES INC,Eddy County,NM,,32.425144,-104.548187
30-015-34841,GUADALUPE 8 FED 001H,35686,EOG RESOURCES INC,Eddy County,NM,,32.93924,-104.60466
30-015-34865,POKER BIX 001,324356,EOG RESOURCES INC,Eddy County,NM,,32.209179,-103.756058
30-015-34929,MANCHESTER BQQ STATE COM 001,324129,EOG RESOURCES INC,Eddy County,NM,,32.651226,-104.720039
30-015-34932,SNAKE STATE 002C,303749,EOG RESOURCES INC,Eddy County,NM,,32.698696,-104.737015
30-015-34950,PATTERSON AQL FEDERAL 001,324314,EOG RESOURCES INC,Eddy County,NM,,32.338825,-104.598869
30-015-34960,SWISHER BJE STATE 001,324649,EOG RESOURCES INC,Eddy County,NM,,32.168251,-104.184807
30-015-35001,SHAFER BHS FEDERAL COM 001,324529,EOG RESOURCES INC,Eddy County,NM,,32.45081,-104.474304
30-015-35045,GUADALUPE 8 FEDERAL 003H,35897,EOG RESOURCES INC,Eddy County,NM,,32.935059,-104.604668
30-015-35046,GUADALUPE 8 FEDERAL 004H,35897,EOG RESOURCES INC,Eddy County,NM,,32.931976,-104.604996
30-015-35070,SHELBY AVL FEDERAL COM 001,324531,EOG RESOURCES INC,Eddy County,NM,,32.727547,-104.030411
30-015-35078,MEDINA 14 FEDERAL COM 001C,35944,EOG RESOURCES INC,Eddy County,NM,,32.916686,-104.565731
30-015-35084,PLAYA AYH FEDERAL COM 001,324355,EOG RESOURCES INC,Eddy County,NM,,32.708603,-104.530991
30-015-35097,CORRAL DRAW AQH FEDERAL 005,323558,EOG RESOURCES INC,Eddy County,NM,,32.221184,-103.945587
30-015-35099,GILA A 2 FEE 001C,35941,EOG RESOURCES INC,Eddy County,NM,,32.961869,-104.552858
30-015-35100,GILA B 2 FEE 001C,35940,EOG RESOURCES INC,Eddy County,NM,,32.957042,-104.552849
30-015-35101,GILA B 2 FEE 002C,35940,EOG RESOURCES INC,Eddy County,NM,,32.954067,-104.552843
30-015-35108,KNOLL AOK FEDERAL 002H,324021,EOG RESOURCES INC,Eddy County,NM,,32.253105,-103.965431
30-015-35111,ANIMAS A3 FEE 001C,35464,EOG RESOURCES INC,Eddy County,NM,,32.961804,-104.570104
30-015-35123,GUADALUPE 8 FED 002H,35686,EOG RESOURCES INC,Eddy County,NM,,32.942871,-104.604012
30-015-35185,GILA C 2 FEDERAL COM 002H,36077,EOG RESOURCES INC,Eddy County,NM,,32.946129,-104.551308
30-015-35197,ANADARKO PARDUE FARMS ANQ FEDERAL COM 002,323230,EOG RESOURCES INC,Eddy County,NM,,32.456234,-104.492775
30-015-35208,BEHIKE BKE STATE COM 001,323310,EOG RESOURCES INC,Eddy County,NM,,32.182758,-104.171951
30-015-35223,PAN AM PARDUE ALZ FEDERAL COM 003,324299,EOG RESOURCES INC,Eddy County,NM,,32.45615,-104.492584
30-015-35265,AVALANCHE 4 FEDERAL 001,36180,EOG RESOURCES INC,Eddy County,NM,,32.945301,-104.078102
30-015-35285,JESTER BFJ FEDERAL 003,323973,EOG RESOURCES INC,Eddy County,NM,,32.233105,-103.943436
30-015-35286,JESTER BFJ FEDERAL 002,323973,EOG RESOURCES INC,Eddy County,NM,,32.231224,-103.939652
30-015-35313,GLOW WORM ALX FEDERAL 011,323828,EOG RESOURCES INC,Eddy County,NM,,32.339733,-103.7668
30-015-35314,GLOW WORM ALX FEDERAL 012,323828,EOG RESOURCES INC,Eddy County,NM,,32.339745,-103.773209
30-015-35315,GLOW WORM ALX FEDERAL 013,323828,EOG RESOURCES INC,Eddy County,NM,,32.339756,-103.781273
30-015-35316,GLOW WORM ALX FEDERAL 014,323828,EOG RESOURCES INC,Eddy County,NM,,32.339748,-103.775353
30-015-35329,GANGES C 2 FEE 001H,36224,EOG RESOURCES INC,Eddy County,NM,,32.945165,-104.453352
30-015-35330,GANGES B 2 FEE 002H,36225,EOG RESOURCES INC,Eddy County,NM,,32.94522,-104.458304
30-015-35331,ZAMBESI A 12 FEE 001A,36226,EOG RESOURCES INC,Eddy County,NM,,32.943817,-104.430617
30-015-35383,YANGTZE A 3 FEE 001C,36265,EOG RESOURCES INC,Eddy County,NM,,32.961745,-104.466587
30-015-35437,LOVING AIB STATE 015,324106,EOG RESOURCES INC,Eddy County,NM,,32.302574,-104.09343
30-015-35449,LOVING AIB STATE 016,324106,EOG RESOURCES INC,Eddy County,NM,,32.302563,-104.097702
30-015-35466,GANGES A 2 FEE 001C,36361,EOG RESOURCES INC,Eddy County,NM,,32.959622,-104.447879
30-015-35468,LENA A 6 FEE 001C,36363,EOG RESOURCES INC,Eddy County,NM,,32.96057,-104.4136
30-015-35469,LENA B 6 FEE 001C,36364,EOG RESOURCES INC,Eddy County,NM,,32.956921,-104.413506
30-015-35470,LENA C 6 FEE 002C,36365,EOG RESOURCES INC,Eddy County,NM,,32.945099,-104.413431
30-015-35480,BOX CANYON BKY FEDERAL 006,323384,EOG RESOURCES INC,Eddy County,NM,,32.467194,-104.762497
30-015-35498,GANGES C 2 FEE 002C,36224,EOG RESOURCES INC,Eddy County,NM,,32.946591,-104.447882
30-015-35499,ZAMBESI B 12 FEE 002C,36227,EOG RESOURCES INC,Eddy County,NM,,32.932261,-104.431758
30-015-35505,ORINOCO A 8 FEE 002C,36416,EOG RESOURCES INC,Eddy County,NM,,32.93887,-104.396687
30-015-35506,ORINOCO B 8 FEE 001C,36417,EOG RESOURCES INC,Eddy County,NM,,32.93578,-104.396161
30-015-35507,ORINOCO B 8 FEE 002C,36417,EOG RESOURCES INC,Eddy County,NM,,32.930338,-104.396111
30-015-35509,MESCAL SE FEDERAL 002,324178,EOG RESOURCES INC,Eddy County,NM,,32.471378,-104.746468
30-015-35523,ADELINE ALN FEDERAL 004,323198,EOG RESOURCES INC,Eddy County,NM,,32.251839,-103.819252
30-015-35567,GILA C 2 FEE COM 001H,36469,EOG RESOURCES INC,Eddy County,NM,,32.951313,-104.551621
30-015-35572,INDIAN A 1 FEE 001C,36470,EOG RESOURCES INC,Eddy County,NM,,32.963832,-104.430667
30-015-35574,INDIAN B 1 FEE 001C,36471,EOG RESOURCES INC,Eddy County,NM,,32.958019,-104.430648
30-015-35593,TECATE BJT FEDERAL 001,324663,EOG RESOURCES INC,Eddy County,NM,,32.78944,-104.310768
30-015-35594,TECATE BJT FEDERAL 002,324663,EOG RESOURCES INC,Eddy County,NM,,32.785885,-104.310196
30-015-35596,BAMBOOZLED BBX FEDERAL COM 001,323282,EOG RESOURCES INC,Eddy County,NM,,32.514904,-104.480949
30-015-35600,COTTON DRAW AJT FEDERAL 002,323560,EOG RESOURCES INC,Eddy County,NM,,32.203739,-103.751785
30-015-35617,SAND TANK 18 FEDERAL COM 002C,21095,EOG RESOURCES INC,Eddy County,NM,,32.753846,-104.005539
30-015-35668,YANGTZE B 3 FEE 002C,36223,EOG RESOURCES INC,Eddy County,NM,,32.953942,-104.4652
30-015-35704,FEDERAL HQ 003,323755,EOG RESOURCES INC,Eddy County,NM,,32.517906,-104.725014
30-015-35709,LOBO STATE COM 001H,36854,EOG RESOURCES INC,Eddy County,NM,,32.764679,-104.037911
30-015-35711,PAINTBRUSH BHR FEDERAL COM 002,324294,EOG RESOURCES INC,Eddy County,NM,,32.119869,-104.311577
30-015-35739,CATWOMAN BBC FEDERAL 001H,323467,EOG RESOURCES INC,Eddy County,NM,,32.644043,-104.823296
30-015-35802,GRANGE BII FEDERAL 001,323841,EOG RESOURCES INC,Eddy County,NM,,32.095333,-104.412437
30-015-35804,DOMINO AOJ FEDERAL COM 009H,323638,EOG RESOURCES INC,Eddy County,NM,,32.669506,-103.898003
30-015-35810,DIAMOND AKI FEDERAL 005,323623,EOG RESOURCES INC,Eddy County,NM,,32.534638,-104.582268
30-015-35812,ROBINSON HW FEDERAL COM 003H,324441,EOG RESOURCES INC,Eddy County,NM,,32.906418,-104.534538
30-015-35838,GURKHA BKG STATE COM 001,323860,EOG RESOURCES INC,Eddy County,NM,,32.169338,-104.137589
30-015-35848,QUANDRY BJQ FEDERAL COM 001,324381,EOG RESOURCES INC,Eddy County,NM,,32.500492,-104.490074
30-015-35872,CATWOMAN BBC FEDERAL 002H,323467,EOG RESOURCES INC,Eddy County,NM,,32.647953,-104.822067
30-015-35883,YELLOWSTONE 23 STATE COM 001C,36802,EOG RESOURCES INC,Eddy County,NM,,32.727992,-104.758887
30-015-35885,YELLOWSTONE 23 STATE COM 003C,36802,EOG RESOURCES INC,Eddy County,NM,,32.735268,-104.757284
30-015-35886,YELLOWSTONE 23 STATE COM 004C,36802,EOG RESOURCES INC,Eddy County,NM,,32.738347,-104.75726
30-015-35888,HOC FEDERAL COM 003,323903,EOG RESOURCES INC,Eddy County,NM,,32.397175,-104.544853
30-015-35907,KNOLL AOK FEDERAL 003H,324021,EOG RESOURCES INC,Eddy County,NM,,32.247662,-103.965401
30-015-35908,CREEK AL FEDERAL COM 020,323571,EOG RESOURCES INC,Eddy County,NM,,32.72028,-103.920845
30-015-35911,SALMON A 32 STATE COM 002C,36821,EOG RESOURCES INC,Eddy County,NM,,32.706249,-104.720257
30-015-35937,WHITBREAD BFG FEDERAL COM 002,324789,EOG RESOURCES INC,Eddy County,NM,,32.426403,-104.459274
30-015-35938,DIAMOND AKI FEDERAL 004,323623,EOG RESOURCES INC,Eddy County,NM,,32.527622,-104.58654
30-015-35939,RECIF BOS FEDERAL 001,324403,EOG RESOURCES INC,Eddy County,NM,,32.323792,-104.637329
30-015-35956,SAND TANK 7 FEDERAL COM 003H,18729,EOG RESOURCES INC,Eddy County,NM,,32.76833,-104.018005
30-015-35989,FEDERAL HQ 002,323755,EOG RESOURCES INC,Eddy County,NM,,32.502201,-104.731468
30-015-35990,GUMBY BAG FEDERAL 002,323859,EOG RESOURCES INC,Eddy County,NM,,32.655132,-104.718628
30-015-35991,BRANNIGAN ANF FEDERAL 008,323398,EOG RESOURCES INC,Eddy County,NM,,32.421509,-104.535767
30-015-36008,BRANNIGAN ANF FEDERAL 007,323398,EOG RESOURCES INC,Eddy County,NM,,32.421482,-104.535698
30-015-36017,DAKOTA 30 FEDERAL 001,36924,EOG RESOURCES INC,Eddy County,NM,,32.184441,-104.120514
30-015-36028,OATMEAL 8 FEDERAL 003H,35329,EOG RESOURCES INC,Eddy County,NM,,32.767906,-103.987709
30-015-36070,THURMAN DRAW STATE COM 001H,324685,EOG RESOURCES INC,Eddy County,NM,,32.043304,-104.609764
30-015-36071,SAND TANK 10 FEDERAL 001,36970,EOG RESOURCES INC,Eddy County,NM,,32.768318,-103.960899
30-015-36090,ADELINE ALN FEDERAL 005,323198,EOG RESOURCES INC,Eddy County,NM,,32.252747,-103.822449
30-015-36108,HABANERO 17 FEDERAL COM 001H,332205,EOG RESOURCES INC,Eddy County,NM,,32.221848,-104.206268
30-015-36110,NORTH BRUSHY 26 FEDERAL 001,37000,EOG RESOURCES INC,Eddy County,NM,,32.094441,-103.949684
30-015-36113,CREEK AL FEDERAL 018,323570,EOG RESOURCES INC,Eddy County,NM,,32.72435,-103.918564
30-015-36130,MUNNYNTHABANK STATE 001H,329316,EOG RESOURCES INC,Eddy County,NM,,32.17469,-104.170845
30-015-36175,KLAMATH A 26 FEDERAL COM 002C,37040,EOG RESOURCES INC,Eddy County,NM,,32.721375,-104.772236
30-015-36176,KLAMATH B 26 FEDERAL 200C,37041,EOG RESOURCES INC,Eddy County,NM,,32.713199,-104.757122
30-015-36235,LIBERTY BEL FEDERAL 001,324075,EOG RESOURCES INC,Eddy County,NM,,32.44799,-104.481079
30-015-36243,BOW RIVER 28 STATE 002H,37084,EOG RESOURCES INC,Eddy County,NM,,32.713352,-104.694187